date,Temperature,Humidity,Light,CO2,HumidityRatio,Occupancy,day,hour,pred_RF,pred_SVM,pred_MLP
2015-02-17 16:40:00,22.125,34.2975,429.0,1453.0,0.005661675,1,1,16,1,1,1
2015-02-17 16:40:00,22.125,34.37,429.0,1458.75,0.005673752,1,1,16,1,1,1
2015-02-17 16:41:00,22.1,34.395,429.0,1456.75,0.005669194000000001,1,1,16,1,1,1
2015-02-17 16:43:00,22.16666667,34.29666667,429.0,1458.0,0.005676059000000001,1,1,16,1,1,1
2015-02-17 16:44:00,22.15,34.425,429.0,1466.0,0.005691656999999999,1,1,16,1,1,1
2015-02-17 16:45:00,22.16666667,34.46666667,429.0,1471.666667,0.005704452,1,1,16,1,1,1
2015-02-17 16:46:00,22.175,34.45,429.0,1478.25,0.00570459,1,1,16,1,1,1
2015-02-17 16:46:00,22.15,34.395,429.0,1484.5,0.0056866519999999995,1,1,16,1,1,1
2015-02-17 16:47:00,22.15,34.595,429.0,1487.0,0.005720023,1,1,16,1,1,1
2015-02-17 16:49:00,22.15,34.645,429.0,1507.5,0.0057283659999999995,1,1,16,1,1,1
2015-02-17 16:50:00,22.15,34.495,429.0,1500.5,0.005703336999999999,1,1,16,1,1,1
2015-02-17 16:51:00,22.125,34.5675,429.0,1497.5,0.005706654,1,1,16,1,1,1
2015-02-17 16:52:00,22.13333333,34.39666667,429.0,1501.0,0.005681105,1,1,16,1,1,1
2015-02-17 16:53:00,22.1,34.4475,429.0,1498.0,0.005677926,1,1,16,1,1,1
2015-02-17 16:53:00,22.1,34.545,429.0,1495.0,0.005694144,1,1,16,1,1,1
2015-02-17 16:54:00,22.125,34.35,429.0,1481.0,0.005670421,1,1,16,1,1,1
2015-02-17 16:56:00,22.13333333,34.33333333,434.0,1481.0,0.005670549,1,1,16,1,1,1
2015-02-17 16:57:00,22.1,34.3,429.0,1488.25,0.0056533930000000005,1,1,16,1,1,1
2015-02-17 16:58:00,22.13333333,34.46666667,429.0,1495.333333,0.005692772,1,1,16,1,1,1
2015-02-17 16:59:00,22.1,34.425,429.0,1503.75,0.0056741840000000005,1,1,16,1,1,1
2015-02-17 16:59:00,22.1,34.32666667,435.0,1499.666667,0.005657828,1,1,16,1,1,1
2015-02-17 17:00:00,22.15,34.245,438.0,1485.5,0.0056616259999999995,1,1,17,1,1,1
2015-02-17 17:02:00,22.15,34.3725,438.0,1477.0,0.0056828980000000005,1,1,17,1,1,1
2015-02-17 17:03:00,22.16666667,34.4,441.0,1483.0,0.005693317,1,1,17,1,1,1
2015-02-17 17:04:00,22.15,34.35,438.0,1480.666667,0.0056791440000000006,1,1,17,1,1,1
2015-02-17 17:05:00,22.15,34.245,438.0,1475.0,0.0056616259999999995,1,1,17,1,1,1
2015-02-17 17:06:00,22.125,34.245,447.0,1482.25,0.00565293,1,1,17,1,1,1
2015-02-17 17:06:00,22.125,34.37,447.0,1484.25,0.005673752,1,1,17,1,1,1
2015-02-17 17:08:00,22.1,34.36,447.0,1488.666667,0.005663372,1,1,17,1,1,1
2015-02-17 17:09:00,22.1,34.36333333,447.0,1495.0,0.005663926999999999,1,1,17,1,1,1
2015-02-17 17:10:00,22.1,34.425,443.5,1501.75,0.0056741840000000005,1,1,17,1,1,1
2015-02-17 17:10:00,22.125,34.45,439.0,1504.5,0.005687079,1,1,17,1,1,1
2015-02-17 17:12:00,22.125,34.4,443.5,1507.25,0.00567875,1,1,17,1,1,1
2015-02-17 17:12:00,22.1,34.4725,440.0,1508.0,0.0056820840000000004,1,1,17,1,1,1
2015-02-17 17:13:00,22.1,34.4975,443.5,1512.75,0.0056862430000000005,1,1,17,1,1,1
2015-02-17 17:15:00,22.1,34.4,447.0,1512.5,0.005670025,1,1,17,1,1,1
2015-02-17 17:16:00,22.125,34.4,447.0,1520.0,0.00567875,1,1,17,1,1,1
2015-02-17 17:17:00,22.1,34.425,443.5,1515.0,0.0056741840000000005,1,1,17,1,1,1
2015-02-17 17:18:00,22.13333333,34.43333333,447.0,1519.666667,0.005687216,1,1,17,1,1,1
2015-02-17 17:19:00,22.125,34.3,442.5,1518.75,0.005662092,1,1,17,1,1,1
2015-02-17 17:19:00,22.125,34.3725,438.0,1528.5,0.005674169000000001,1,1,17,1,1,1
2015-02-17 17:21:00,22.125,34.4,439.0,1537.5,0.00567875,1,1,17,1,1,1
2015-02-17 17:22:00,22.2,34.345,438.0,1522.0,0.00569579,1,1,17,1,1,1
2015-02-17 17:23:00,22.15,34.345,438.0,1517.5,0.00567831,1,1,17,1,1,1
2015-02-17 17:23:00,22.15,34.3225,438.0,1523.5,0.005674556,1,1,17,1,1,1
2015-02-17 17:25:00,22.15,34.3175,442.5,1526.5,0.005673722,1,1,17,1,1,1
2015-02-17 17:25:00,22.15,34.3725,435.5,1534.5,0.0056828980000000005,1,1,17,1,1,1
2015-02-17 17:26:00,22.15,34.645,434.5,1588.75,0.0057283659999999995,1,1,17,1,1,1
2015-02-17 17:28:00,22.1,34.6,435.5,1594.0,0.005703293000000001,1,1,17,1,1,1
2015-02-17 17:29:00,22.1,34.73333333,428.33333330000005,1585.333333,0.005725473000000001,1,1,17,1,1,1
2015-02-17 17:30:00,22.13333333,34.66333333,433.0,1649.0,0.005725554,1,1,17,1,1,1
2015-02-17 17:31:00,22.1,34.53,433.0,1653.0,0.005691649,1,1,17,1,1,1
2015-02-17 17:31:00,22.15,34.5675,433.0,1690.5,0.005715434,1,1,17,1,1,1
2015-02-17 17:32:00,22.16666667,34.66333333,433.0,1739.6666670000002,0.005737302,1,1,17,1,1,1
2015-02-17 17:34:00,22.15,34.545,433.0,1757.75,0.00571168,1,1,17,1,1,1
2015-02-17 17:35:00,22.16666667,34.49666667,433.0,1779.0,0.0057094630000000006,1,1,17,1,1,1
2015-02-17 17:36:00,22.2,34.45,433.0,1778.0,0.005713363000000001,1,1,17,1,1,1
2015-02-17 17:37:00,22.175,34.3725,433.0,1774.5,0.005691639,1,1,17,1,1,1
2015-02-17 17:38:00,22.2,34.36333333,433.0,1776.0,0.005698858,1,1,17,1,1,1
2015-02-17 17:38:00,22.175,34.475,433.0,1842.75,0.005708766999999999,1,1,17,1,1,1
2015-02-17 17:39:00,22.175,34.425,433.0,1809.25,0.005700411999999999,1,1,17,1,1,1
2015-02-17 17:41:00,22.2,34.4,433.0,1750.0,0.005704995,1,1,17,1,1,1
2015-02-17 17:42:00,22.16666667,34.43333333,433.0,1740.0,0.005698884,1,1,17,1,1,1
2015-02-17 17:43:00,22.175,34.35,433.0,1705.25,0.005687879,1,1,17,1,1,1
2015-02-17 17:44:00,22.2,34.29,433.0,1682.0,0.005686585,1,1,17,1,1,1
2015-02-17 17:44:00,22.2,34.345,433.0,1669.5,0.00569579,1,1,17,1,1,1
2015-02-17 17:45:00,22.2,34.23,433.0,1683.3333329999998,0.005676544,1,1,17,1,1,1
2015-02-17 17:47:00,22.2,34.2,433.0,1699.75,0.005671523,1,1,17,1,1,1
2015-02-17 17:48:00,22.2,34.2175,433.0,1696.0,0.005674451999999999,1,1,17,1,1,1
2015-02-17 17:49:00,22.2,34.1725,433.0,1682.75,0.005666922,1,1,17,1,1,1
2015-02-17 17:50:00,22.2,34.45,433.0,1684.0,0.005713363000000001,1,1,17,1,1,1
2015-02-17 17:51:00,22.2,34.26,433.0,1699.6666670000002,0.005681564,1,1,17,1,1,1
2015-02-17 17:51:00,22.2,34.245,433.0,1698.0,0.005679054,1,1,17,1,1,1
2015-02-17 17:53:00,22.2,34.2675,429.5,1695.0,0.00568282,1,1,17,1,1,1
2015-02-17 17:54:00,22.2,34.19333333,423.66666669999995,1675.333333,0.005670408,1,1,17,1,1,1
2015-02-17 17:55:00,22.2,34.09666667,419.0,1658.666667,0.0056542319999999995,1,1,17,1,1,1
2015-02-17 17:55:00,22.2,34.2675,426.0,1645.5,0.00568282,1,1,17,1,1,1
2015-02-17 17:57:00,22.2,34.345,429.5,1652.0,0.00569579,1,1,17,1,1,1
2015-02-17 17:57:00,22.2,34.29,426.0,1641.0,0.005686585,1,1,17,1,1,1
2015-02-17 17:58:00,22.2,34.3175,419.0,1637.5,0.0056911869999999995,1,1,17,1,1,1
2015-02-17 18:00:00,22.2,34.33333333,419.0,1628.333333,0.005693836999999999,1,1,18,1,1,1
2015-02-17 18:01:00,22.2,34.345,419.0,1619.5,0.00569579,1,1,18,1,1,1
2015-02-17 18:02:00,22.2,34.345,419.0,1600.5,0.00569579,1,1,18,1,1,1
2015-02-17 18:03:00,22.2,34.245,419.0,1602.0,0.005679054,1,1,18,1,1,1
2015-02-17 18:04:00,22.2,34.245,419.0,1603.0,0.005679054,1,1,18,1,1,1
2015-02-17 18:04:00,22.2,34.2175,415.5,1606.75,0.005674451999999999,1,1,18,1,1,1
2015-02-17 18:06:00,22.16666667,34.26,279.3333333,1595.666667,0.005669935,0,1,18,1,1,1
2015-02-17 18:07:00,22.1,34.32666667,0.0,1591.333333,0.005657828,0,1,18,0,0,0
2015-02-17 18:08:00,22.1,34.345,0.0,1594.5,0.005660877,0,1,18,0,0,0
2015-02-17 18:08:00,22.1,34.29,0.0,1585.666667,0.00565173,0,1,18,0,0,0
2015-02-17 18:10:00,22.1,34.29,0.0,1576.0,0.00565173,0,1,18,0,0,0
2015-02-17 18:10:00,22.1,34.345,0.0,1572.0,0.005660877,0,1,18,0,0,0
2015-02-17 18:11:00,22.1,34.29,0.0,1568.5,0.00565173,0,1,18,0,0,0
2015-02-17 18:13:00,22.1,34.4,0.0,1569.0,0.005670025,0,1,18,0,0,0
2015-02-17 18:14:00,22.1,34.32666667,0.0,1564.666667,0.005657828,0,1,18,0,0,0
2015-02-17 18:15:00,22.05,34.245,0.0,1550.5,0.0056269119999999995,0,1,18,0,0,0
2015-02-17 18:16:00,22.1,34.29,0.0,1549.0,0.00565173,0,1,18,0,0,0
2015-02-17 18:16:00,22.03333333,34.26,0.0,1551.333333,0.005623629000000001,0,1,18,0,0,0
2015-02-17 18:17:00,22.025,34.2225,0.0,1538.25,0.0056145380000000005,0,1,18,0,0,0
2015-02-17 18:19:00,22.0,34.29,0.0,1536.0,0.005617064000000001,0,1,18,0,0,0
2015-02-17 18:20:00,22.0,34.245,0.0,1541.0,0.0056096259999999995,0,1,18,0,0,0
2015-02-17 18:21:00,22.0,34.29,0.0,1544.0,0.005617064000000001,0,1,18,0,0,0
2015-02-17 18:22:00,22.0,34.29,0.0,1533.0,0.005617064000000001,0,1,18,0,0,0
2015-02-17 18:23:00,21.89,34.29,0.0,1536.0,0.005579148000000001,0,1,18,0,0,0
2015-02-17 18:23:00,21.89,34.29,0.0,1538.0,0.005579148000000001,0,1,18,0,0,0
2015-02-17 18:24:00,21.89,34.29,0.0,1531.0,0.005579148000000001,0,1,18,0,0,0
2015-02-17 18:26:00,21.89,34.29,0.0,1530.333333,0.005579148000000001,0,1,18,0,0,0
2015-02-17 18:27:00,21.89,34.29,0.0,1529.0,0.005579148000000001,0,1,18,0,0,0
2015-02-17 18:28:00,21.89,34.29,0.0,1523.0,0.005579148000000001,0,1,18,0,0,0
2015-02-17 18:29:00,21.89,34.29,0.0,1530.666667,0.005579148000000001,0,1,18,0,0,0
2015-02-17 18:29:00,21.89,34.29,0.0,1525.0,0.005579148000000001,0,1,18,0,0,0
2015-02-17 18:30:00,21.89,34.29,0.0,1519.0,0.005579148000000001,0,1,18,0,0,0
2015-02-17 18:32:00,21.89,34.245,0.0,1508.0,0.005571761,0,1,18,0,0,0
2015-02-17 18:33:00,21.89,34.2,0.0,1491.5,0.005564373,0,1,18,0,0,0
2015-02-17 18:34:00,21.84,34.145,0.0,1499.0,0.005538259,0,1,18,0,0,0
2015-02-17 18:35:00,21.79,34.2,0.0,1499.0,0.005530193,0,1,18,0,0,0
2015-02-17 18:36:00,21.79,34.09,0.0,1495.5,0.005512248000000001,0,1,18,0,0,0
2015-02-17 18:36:00,21.79,34.12666667,0.0,1491.0,0.00551823,0,1,18,0,0,0
2015-02-17 18:38:00,21.79,34.09,0.0,1492.0,0.005512248000000001,0,1,18,0,0,0
2015-02-17 18:39:00,21.76,34.12666667,0.0,1487.333333,0.005508034,0,1,18,0,0,0
2015-02-17 18:40:00,21.7,34.145,0.0,1489.5,0.005490666999999999,0,1,18,0,0,0
2015-02-17 18:40:00,21.7,34.2,0.0,1488.0,0.005499589,0,1,18,0,0,0
2015-02-17 18:42:00,21.7,34.2,0.0,1475.0,0.005499589,0,1,18,0,0,0
2015-02-17 18:42:00,21.7,34.2,0.0,1470.5,0.005499589,0,1,18,0,0,0
2015-02-17 18:43:00,21.7,34.2,0.0,1477.0,0.005499589,0,1,18,0,0,0
2015-02-17 18:45:00,21.7,34.29,0.0,1476.0,0.00551419,0,1,18,0,0,0
2015-02-17 18:46:00,21.7,34.2,0.0,1477.0,0.005499589,0,1,18,0,0,0
2015-02-17 18:47:00,21.7,34.245,0.0,1484.75,0.00550689,0,1,18,0,0,0
2015-02-17 18:48:00,21.7,34.245,0.0,1471.5,0.00550689,0,1,18,0,0,0
2015-02-17 18:49:00,21.7,34.29,0.0,1476.0,0.00551419,0,1,18,0,0,0
2015-02-17 18:49:00,21.7,34.245,0.0,1477.5,0.00550689,0,1,18,0,0,0
2015-02-17 18:51:00,21.65,34.145,0.0,1475.5,0.005473756999999999,0,1,18,0,0,0
2015-02-17 18:52:00,21.6,34.1175,0.0,1478.0,0.00545246,0,1,18,0,0,0
2015-02-17 18:53:00,21.6,34.09,0.0,1487.0,0.005448026999999999,0,1,18,0,0,0
2015-02-17 18:53:00,21.6,34.09,0.0,1483.5,0.005448026999999999,0,1,18,0,0,0
2015-02-17 18:55:00,21.6,34.09,0.0,1488.0,0.005448026999999999,0,1,18,0,0,0
2015-02-17 18:55:00,21.6,34.09,0.0,1490.0,0.005448026999999999,0,1,18,0,0,0
2015-02-17 18:56:00,21.6,34.09,0.0,1483.0,0.005448026999999999,0,1,18,0,0,0
2015-02-17 18:58:00,21.6,34.09,0.0,1481.0,0.005448026999999999,0,1,18,0,0,0
2015-02-17 18:59:00,21.53333333,34.12666667,0.0,1479.333333,0.005431536999999999,0,1,18,0,0,0
2015-02-17 19:00:00,21.5,34.1725,0.0,1472.25,0.00542771,0,1,19,0,0,0
2015-02-17 19:01:00,21.5,34.09,0.0,1473.0,0.005414493,0,1,19,0,0,0
2015-02-17 19:01:00,21.5,34.1725,0.0,1475.75,0.00542771,0,1,19,0,0,0
2015-02-17 19:02:00,21.5,34.09,0.0,1468.0,0.005414493,0,1,19,0,0,0
2015-02-17 19:04:00,21.5,34.16333333,0.0,1469.333333,0.0054262419999999995,0,1,19,0,0,0
2015-02-17 19:05:00,21.5,34.145,0.0,1474.0,0.005423305,0,1,19,0,0,0
2015-02-17 19:06:00,21.5,34.09,0.0,1475.0,0.005414493,0,1,19,0,0,0
2015-02-17 19:07:00,21.445,34.09,0.0,1474.0,0.005396127,0,1,19,0,0,0
2015-02-17 19:08:00,21.5,34.2,0.0,1477.5,0.005432116999999999,0,1,19,0,0,0
2015-02-17 19:08:00,21.445,34.145,0.0,1480.5,0.005404908000000001,0,1,19,0,0,0
2015-02-17 19:09:00,21.39,34.09,0.0,1465.0,0.005377816,0,1,19,0,0,0
2015-02-17 19:11:00,21.39,34.2,0.0,1469.5,0.005395319,0,1,19,0,0,0
2015-02-17 19:12:00,21.39,34.09,0.0,1468.0,0.005377816,0,1,19,0,0,0
2015-02-17 19:13:00,21.39,34.2,0.0,1468.0,0.005395319,0,1,19,0,0,0
2015-02-17 19:14:00,21.34,34.145,0.0,1466.0,0.005369942,0,1,19,0,0,0
2015-02-17 19:14:00,21.35666667,34.2,0.0,1465.333333,0.005384211999999999,0,1,19,0,0,0
2015-02-17 19:15:00,21.29,34.2,0.0,1468.0,0.005362059000000001,0,1,19,0,0,0
2015-02-17 19:17:00,21.29,34.2,0.0,1471.0,0.005362059000000001,0,1,19,0,0,0
2015-02-17 19:18:00,21.29,34.245,0.0,1471.5,0.005369175,0,1,19,0,0,0
2015-02-17 19:19:00,21.29,34.2,0.0,1466.5,0.005362059000000001,0,1,19,0,0,0
2015-02-17 19:20:00,21.29,34.2,0.0,1472.0,0.005362059000000001,0,1,19,0,0,0
2015-02-17 19:21:00,21.29,34.29,0.0,1472.666667,0.0053762919999999995,0,1,19,0,0,0
2015-02-17 19:21:00,21.2675,34.295,0.0,1470.75,0.005369603000000001,0,1,19,0,0,0
2015-02-17 19:23:00,21.29,34.29,0.0,1469.0,0.0053762919999999995,0,1,19,0,0,0
2015-02-17 19:24:00,21.29,34.345,0.0,1467.5,0.00538499,0,1,19,0,0,0
2015-02-17 19:25:00,21.2,34.2,0.0,1466.0,0.00533228,0,1,19,0,0,0
2015-02-17 19:25:00,21.2,34.29,0.0,1467.0,0.005346433,0,1,19,0,0,0
2015-02-17 19:27:00,21.2,34.29,0.0,1468.0,0.005346433,0,1,19,0,0,0
2015-02-17 19:27:00,21.2,34.29,0.0,1468.0,0.005346433,0,1,19,0,0,0
2015-02-17 19:28:00,21.2,34.245,0.0,1464.5,0.005339356,0,1,19,0,0,0
2015-02-17 19:30:00,21.2,34.29,0.0,1460.333333,0.005346433,0,1,19,0,0,0
2015-02-17 19:31:00,21.2,34.29,0.0,1458.0,0.005346433,0,1,19,0,0,0
2015-02-17 19:32:00,21.16666667,34.29,0.0,1468.666667,0.005335411,0,1,19,0,0,0
2015-02-17 19:33:00,21.2,34.29,0.0,1475.0,0.005346433,0,1,19,0,0,0
2015-02-17 19:34:00,21.2,34.29,0.0,1474.0,0.005346433,0,1,19,0,0,0
2015-02-17 19:34:00,21.2,34.29,0.0,1475.0,0.005346433,0,1,19,0,0,0
2015-02-17 19:36:00,21.15,34.29,0.0,1472.5,0.005329908,0,1,19,0,0,0
2015-02-17 19:37:00,21.1,34.29,0.0,1473.5,0.005313428,0,1,19,0,0,0
2015-02-17 19:38:00,21.1,34.29,0.0,1483.0,0.005313428,0,1,19,0,0,0
2015-02-17 19:38:00,21.13333333,34.29,0.0,1486.0,0.005324409,0,1,19,0,0,0
2015-02-17 19:40:00,21.1,34.29,0.0,1485.5,0.005313428,0,1,19,0,0,0
2015-02-17 19:40:00,21.1,34.29,0.0,1488.0,0.005313428,0,1,19,0,0,0
2015-02-17 19:41:00,21.1,34.29,0.0,1494.5,0.005313428,0,1,19,0,0,0
2015-02-17 19:43:00,21.1,34.245,0.0,1487.0,0.005306395,0,1,19,0,0,0
2015-02-17 19:44:00,21.1,34.29,0.0,1484.0,0.005313428,0,1,19,0,0,0
2015-02-17 19:45:00,21.1,34.29,0.0,1488.5,0.005313428,0,1,19,0,0,0
2015-02-17 19:46:00,21.13333333,34.29,0.0,1490.5,0.005324409,0,1,19,0,0,0
2015-02-17 19:46:00,21.1,34.29,0.0,1493.5,0.005313428,0,1,19,0,0,0
2015-02-17 19:47:00,21.1,34.29,0.0,1495.0,0.005313428,0,1,19,0,0,0
2015-02-17 19:49:00,21.1,34.29,0.0,1486.5,0.005313428,0,1,19,0,0,0
2015-02-17 19:50:00,21.1,34.29,0.0,1486.5,0.005313428,0,1,19,0,0,0
2015-02-17 19:51:00,21.1,34.29,0.0,1489.0,0.005313428,0,1,19,0,0,0
2015-02-17 19:52:00,21.1,34.29,0.0,1493.5,0.005313428,0,1,19,0,0,0
2015-02-17 19:53:00,21.1,34.29,0.0,1491.0,0.005313428,0,1,19,0,0,0
2015-02-17 19:53:00,21.1,34.245,0.0,1488.5,0.005306395,0,1,19,0,0,0
2015-02-17 19:54:00,21.1,34.245,0.0,1504.0,0.005306395,0,1,19,0,0,0
2015-02-17 19:56:00,21.1,34.2,0.0,1500.5,0.0052993630000000005,0,1,19,0,0,0
2015-02-17 19:57:00,21.1,34.245,0.0,1510.5,0.005306395,0,1,19,0,0,0
2015-02-17 19:58:00,21.0,34.2,0.0,1511.0,0.005266626,0,1,19,0,0,0
2015-02-17 19:59:00,21.1,34.2,0.0,1520.0,0.0052993630000000005,0,1,19,0,0,0
2015-02-17 19:59:00,21.05,34.145,0.0,1516.0,0.005274404,0,1,19,0,0,0
2015-02-17 20:00:00,21.1,34.2,0.0,1515.5,0.0052993630000000005,0,1,20,0,0,0
2015-02-17 20:02:00,21.05,34.145,0.0,1515.5,0.005274404,0,1,20,0,0,0
2015-02-17 20:03:00,21.0,34.145,0.0,1526.0,0.005258085,0,1,20,0,0,0
2015-02-17 20:04:00,21.05,34.145,0.0,1530.5,0.005274404,0,1,20,0,0,0
2015-02-17 20:05:00,21.1,34.2,0.0,1520.5,0.0052993630000000005,0,1,20,0,0,0
2015-02-17 20:06:00,21.0,34.09,0.0,1518.5,0.005249544,0,1,20,0,0,0
2015-02-17 20:06:00,21.0,34.09,0.0,1520.0,0.005249544,0,1,20,0,0,0
2015-02-17 20:08:00,21.0,34.09,0.0,1517.0,0.005249544,0,1,20,0,0,0
2015-02-17 20:09:00,21.0,34.09,0.0,1518.0,0.005249544,0,1,20,0,0,0
2015-02-17 20:10:00,21.0,34.09,0.0,1512.5,0.005249544,0,1,20,0,0,0
2015-02-17 20:10:00,21.0,34.09,0.0,1514.5,0.005249544,0,1,20,0,0,0
2015-02-17 20:12:00,21.0,34.09,0.0,1506.0,0.005249544,0,1,20,0,0,0
2015-02-17 20:12:00,21.0,34.09,0.0,1493.0,0.005249544,0,1,20,0,0,0
2015-02-17 20:13:00,21.0,34.09,0.0,1492.0,0.005249544,0,1,20,0,0,0
2015-02-17 20:15:00,21.0,34.09,0.0,1472.0,0.005249544,0,1,20,0,0,0
2015-02-17 20:16:00,21.0,34.09,0.0,1477.0,0.005249544,0,1,20,0,0,0
2015-02-17 20:17:00,21.0,34.09,0.0,1483.0,0.005249544,0,1,20,0,0,0
2015-02-17 20:18:00,21.0,34.09,0.0,1486.5,0.005249544,0,1,20,0,0,0
2015-02-17 20:19:00,21.0,34.09,0.0,1474.0,0.005249544,0,1,20,0,0,0
2015-02-17 20:19:00,20.9175,34.09,0.0,1477.0,0.005222759,0,1,20,0,0,0
2015-02-17 20:21:00,21.0,34.0,0.0,1481.0,0.0052355679999999995,0,1,20,0,0,0
2015-02-17 20:22:00,20.92666667,34.06,0.0,1492.0,0.005221092,0,1,20,0,0,0
2015-02-17 20:23:00,21.0,34.0,0.0,1507.5,0.0052355679999999995,0,1,20,0,0,0
2015-02-17 20:23:00,21.0,34.0,0.0,1501.333333,0.0052355679999999995,0,1,20,0,0,0
2015-02-17 20:25:00,21.0,34.0,0.0,1506.0,0.0052355679999999995,0,1,20,0,0,0
2015-02-17 20:25:00,21.0,34.0,0.0,1507.0,0.0052355679999999995,0,1,20,0,0,0
2015-02-17 20:26:00,20.945,34.0,0.0,1514.5,0.005217746,0,1,20,0,0,0
2015-02-17 20:28:00,20.945,33.95,0.0,1519.5,0.0052100079999999995,0,1,20,0,0,0
2015-02-17 20:29:00,20.9725,33.95,0.0,1523.5,0.005218899999999999,0,1,20,0,0,0
2015-02-17 20:30:00,21.0,33.9,0.0,1527.5,0.00522004,0,1,20,0,0,0
2015-02-17 20:31:00,20.96333333,33.9,0.0,1510.0,0.005208188,0,1,20,0,0,0
2015-02-17 20:31:00,21.0,33.9,0.0,1511.0,0.00522004,0,1,20,0,0,0
2015-02-17 20:32:00,20.945,33.9,0.0,1510.5,0.005202271,0,1,20,0,0,0
2015-02-17 20:34:00,21.0,33.9,0.0,1503.333333,0.00522004,0,1,20,0,0,0
2015-02-17 20:35:00,21.0,33.86333333,0.0,1507.333333,0.005214347,0,1,20,0,0,0
2015-02-17 20:36:00,20.945,33.79,0.0,1518.5,0.00518525,0,1,20,0,0,0
2015-02-17 20:37:00,21.0,33.79,0.0,1532.5,0.00520296,0,1,20,0,0,0
2015-02-17 20:38:00,21.0,33.9,0.0,1530.5,0.00522004,0,1,20,0,0,0
2015-02-17 20:38:00,21.0,33.79,0.0,1538.0,0.00520296,0,1,20,0,0,0
2015-02-17 20:39:00,21.0,33.79,0.0,1538.0,0.00520296,0,1,20,0,0,0
2015-02-17 20:41:00,21.0,33.79,0.0,1528.333333,0.00520296,0,1,20,0,0,0
2015-02-17 20:42:00,21.0,33.79,0.0,1533.0,0.00520296,0,1,20,0,0,0
2015-02-17 20:43:00,21.0,33.79,0.0,1528.0,0.00520296,0,1,20,0,0,0
2015-02-17 20:44:00,21.0,33.79,0.0,1522.0,0.00520296,0,1,20,0,0,0
2015-02-17 20:44:00,20.945,33.79,0.0,1517.0,0.00518525,0,1,20,0,0,0
2015-02-17 20:45:00,21.0,33.73,0.0,1511.0,0.005193644,0,1,20,0,0,0
2015-02-17 20:47:00,21.0,33.7,0.0,1510.333333,0.005188987,0,1,20,0,0,0
2015-02-17 20:48:00,21.0,33.7,0.0,1508.5,0.005188987,0,1,20,0,0,0
2015-02-17 20:49:00,21.0,33.7,0.0,1510.0,0.005188987,0,1,20,0,0,0
2015-02-17 20:50:00,21.0,33.7,0.0,1513.666667,0.005188987,0,1,20,0,0,0
2015-02-17 20:51:00,21.0,33.7,0.0,1516.0,0.005188987,0,1,20,0,0,0
2015-02-17 20:51:00,21.0,33.7,0.0,1512.0,0.005188987,0,1,20,0,0,0
2015-02-17 20:53:00,21.0,33.645,0.0,1512.0,0.005180447,0,1,20,0,0,0
2015-02-17 20:54:00,21.0,33.66333333,0.0,1501.333333,0.005183294000000001,0,1,20,0,0,0
2015-02-17 20:55:00,21.0,33.7,0.0,1500.0,0.005188987,0,1,20,0,0,0
2015-02-17 20:55:00,21.0,33.7,0.0,1501.333333,0.005188987,0,1,20,0,0,0
2015-02-17 20:57:00,21.0,33.7,0.0,1496.0,0.005188987,0,1,20,0,0,0
2015-02-17 20:57:00,21.0,33.59,0.0,1498.0,0.005171908,0,1,20,0,0,0
2015-02-17 20:58:00,21.0,33.59,0.0,1503.5,0.005171908,0,1,20,0,0,0
2015-02-17 21:00:00,21.0,33.59,0.0,1505.0,0.005171908,0,1,21,0,0,0
2015-02-17 21:01:00,21.0,33.59,0.0,1507.0,0.005171908,0,1,21,0,0,0
2015-02-17 21:02:00,20.945,33.59,0.0,1506.0,0.005154305,0,1,21,0,0,0
2015-02-17 21:03:00,21.0,33.59,0.0,1510.0,0.005171908,0,1,21,0,0,0
2015-02-17 21:04:00,21.0,33.59,0.0,1515.0,0.005171908,0,1,21,0,0,0
2015-02-17 21:04:00,21.0,33.545,0.0,1520.0,0.005164922,0,1,21,0,0,0
2015-02-17 21:06:00,20.96333333,33.5,0.0,1517.666667,0.005146225999999999,0,1,21,0,0,0
2015-02-17 21:07:00,21.0,33.5,0.0,1518.5,0.005157936,0,1,21,0,0,0
2015-02-17 21:08:00,20.96333333,33.5,0.0,1525.0,0.005146225999999999,0,1,21,0,0,0
2015-02-17 21:08:00,21.0,33.45,0.0,1528.0,0.005150174,0,1,21,0,0,0
2015-02-17 21:10:00,20.945,33.4,0.0,1533.0,0.005124909,0,1,21,0,0,0
2015-02-17 21:10:00,20.89,33.4,0.0,1542.0,0.005107459,0,1,21,0,0,0
2015-02-17 21:11:00,21.0,33.4,0.0,1543.5,0.005142412,0,1,21,0,0,0
2015-02-17 21:13:00,20.945,33.4,0.0,1557.5,0.005124909,0,1,21,0,0,0
2015-02-17 21:14:00,20.89,33.245,0.0,1565.5,0.005083563,0,1,21,0,0,0
2015-02-17 21:15:00,20.89,33.29,0.0,1564.0,0.005090501,0,1,21,0,0,0
2015-02-17 21:16:00,20.89,33.29,0.0,1542.5,0.005090501,0,1,21,0,0,0
2015-02-17 21:16:00,20.89,33.245,0.0,1537.0,0.005083563,0,1,21,0,0,0
2015-02-17 21:17:00,20.89,33.29,0.0,1537.5,0.005090501,0,1,21,0,0,0
2015-02-17 21:19:00,20.89,33.2,0.0,1546.0,0.005076626,0,1,21,0,0,0
2015-02-17 21:20:00,20.89,33.2,0.0,1545.0,0.005076626,0,1,21,0,0,0
2015-02-17 21:21:00,20.89,33.2,0.0,1567.333333,0.005076626,0,1,21,0,0,0
2015-02-17 21:22:00,20.89,33.2,0.0,1684.3333329999998,0.005076626,0,1,21,0,0,0
2015-02-17 21:23:00,20.89,33.2,0.0,1744.0,0.005076626,0,1,21,0,0,0
2015-02-17 21:23:00,20.89,33.2,0.0,1735.5,0.005076626,0,1,21,0,0,0
2015-02-17 21:24:00,20.945,33.145,0.0,1741.5,0.005085462,0,1,21,0,0,0
2015-02-17 21:26:00,20.89,33.145,0.0,1739.5,0.005068148,0,1,21,0,0,0
2015-02-17 21:27:00,20.89,33.09,0.0,1741.5,0.005059669,0,1,21,0,0,0
2015-02-17 21:28:00,20.89,33.09,0.0,1737.0,0.005059669,0,1,21,0,0,0
2015-02-17 21:29:00,20.89,33.09,0.0,1757.0,0.005059669,0,1,21,0,0,0
2015-02-17 21:29:00,20.89,33.09,0.0,1759.5,0.005059669,0,1,21,0,0,0
2015-02-17 21:30:00,20.89,33.045,0.0,1759.0,0.005052733,0,1,21,0,0,0
2015-02-17 21:32:00,20.89,33.0,0.0,1769.5,0.005045796,0,1,21,0,0,0
2015-02-17 21:33:00,20.89,33.0,0.0,1752.0,0.005045796,0,1,21,0,0,0
2015-02-17 21:34:00,20.89,33.0,0.0,1709.0,0.005045796,0,1,21,0,0,0
2015-02-17 21:35:00,20.89,32.9,0.0,1688.0,0.005030382,0,1,21,0,0,0
2015-02-17 21:36:00,20.89,32.9,0.0,1666.5,0.005030382,0,1,21,0,0,0
2015-02-17 21:36:00,20.89,32.9,0.0,1649.0,0.005030382,0,1,21,0,0,0
2015-02-17 21:38:00,20.89,32.9,0.0,1594.5,0.005030382,0,1,21,0,0,0
2015-02-17 21:39:00,20.89,32.9,0.0,1588.5,0.005030382,0,1,21,0,0,0
2015-02-17 21:40:00,20.89,32.9,0.0,1581.5,0.005030382,0,1,21,0,0,0
2015-02-17 21:40:00,20.89,32.8725,0.0,1551.0,0.005026143,0,1,21,0,0,0
2015-02-17 21:42:00,20.89,32.79,0.0,1541.0,0.0050134279999999995,0,1,21,0,0,0
2015-02-17 21:42:00,20.89,32.79,0.0,1539.5,0.0050134279999999995,0,1,21,0,0,0
2015-02-17 21:43:00,20.89,32.79,0.0,1536.0,0.0050134279999999995,0,1,21,0,0,0
2015-02-17 21:45:00,20.89,32.745,0.0,1529.0,0.005006492,0,1,21,0,0,0
2015-02-17 21:46:00,20.89,32.7,0.0,1528.0,0.004999556,0,1,21,0,0,0
2015-02-17 21:47:00,20.89,32.7,0.0,1525.5,0.004999556,0,1,21,0,0,0
2015-02-17 21:48:00,20.89,32.7,0.0,1524.5,0.004999556,0,1,21,0,0,0
2015-02-17 21:49:00,20.89,32.7,0.0,1523.0,0.004999556,0,1,21,0,0,0
2015-02-17 21:49:00,20.89,32.59,0.0,1516.0,0.004982604,0,1,21,0,0,0
2015-02-17 21:51:00,20.89,32.59,0.0,1518.333333,0.004982604,0,1,21,0,0,0
2015-02-17 21:52:00,20.89,32.59,0.0,1521.5,0.004982604,0,1,21,0,0,0
2015-02-17 21:53:00,20.89,32.59,0.0,1522.0,0.004982604,0,1,21,0,0,0
2015-02-17 21:53:00,20.89,32.59,0.0,1511.0,0.004982604,0,1,21,0,0,0
2015-02-17 21:55:00,20.79,32.4,0.0,1507.0,0.004922692,0,1,21,0,0,0
2015-02-17 21:55:00,20.84,32.45,0.0,1506.0,0.004945668,0,1,21,0,0,0
2015-02-17 21:56:00,20.82333333,32.36333333,0.0,1513.0,0.004927257,0,1,21,0,0,0
2015-02-17 21:58:00,20.79,32.2,0.0,1512.0,0.004892066,0,1,21,0,0,0
2015-02-17 21:59:00,20.79,32.245,0.0,1512.5,0.004898957,0,1,21,0,0,0
2015-02-17 22:00:00,20.84,32.345,0.0,1514.0,0.004929538,0,1,22,0,0,0
2015-02-17 22:01:00,20.79,32.29,0.0,1511.0,0.0049058470000000005,0,1,22,0,0,0
2015-02-17 22:01:00,20.84,32.29,0.0,1507.5,0.004921089,0,1,22,0,0,0
2015-02-17 22:02:00,20.89,32.29,0.0,1524.0,0.004936373,0,1,22,0,0,0
2015-02-17 22:04:00,20.79,32.2,0.0,1545.0,0.004892066,0,1,22,0,0,0
2015-02-17 22:05:00,20.84,32.245,0.0,1533.5,0.0049141770000000005,0,1,22,0,0,0
2015-02-17 22:06:00,20.89,32.2,0.0,1554.0,0.004922506,0,1,22,0,0,0
2015-02-17 22:07:00,20.79,32.09,0.0,1599.0,0.004875223,0,1,22,0,0,0
2015-02-17 22:08:00,20.79,32.09,0.0,1628.5,0.004875223,0,1,22,0,0,0
2015-02-17 22:08:00,20.82333333,32.12666667,0.0,1619.333333,0.004890942,0,1,22,0,0,0
2015-02-17 22:09:00,20.89,32.145,0.0,1586.5,0.004914031,0,1,22,0,0,0
2015-02-17 22:11:00,20.89,32.09,0.0,1586.0,0.0049055570000000005,0,1,22,0,0,0
2015-02-17 22:12:00,20.89,32.09,0.0,1585.0,0.0049055570000000005,0,1,22,0,0,0
2015-02-17 22:13:00,20.89,32.09,0.0,1570.0,0.0049055570000000005,0,1,22,0,0,0
2015-02-17 22:14:00,20.89,32.06,0.0,1534.666667,0.004900935,0,1,22,0,0,0
2015-02-17 22:14:00,20.89,32.0,0.0,1514.0,0.004891691,0,1,22,0,0,0
2015-02-17 22:15:00,20.89,32.0,0.0,1483.0,0.004891691,0,1,22,0,0,0
2015-02-17 22:17:00,20.84,31.89,0.0,1455.0,0.004859652,0,1,22,0,0,0
2015-02-17 22:18:00,20.89,31.89,0.0,1430.0,0.004874744,0,1,22,0,0,0
2015-02-17 22:19:00,20.89,31.89,0.0,1412.0,0.004874744,0,1,22,0,0,0
2015-02-17 22:20:00,20.89,31.89,0.0,1405.0,0.004874744,0,1,22,0,0,0
2015-02-17 22:21:00,20.85666667,31.85666667,0.0,1408.333333,0.004859553,0,1,22,0,0,0
2015-02-17 22:21:00,20.85666667,31.85666667,0.0,1419.666667,0.004859553,0,1,22,0,0,0
2015-02-17 22:23:00,20.89,31.89,0.0,1455.0,0.004874744,0,1,22,0,0,0
2015-02-17 22:24:00,20.84,31.795,0.0,1597.5,0.004845062,0,1,22,0,0,0
2015-02-17 22:25:00,20.79,31.745,0.0,1494.0,0.004822403,0,1,22,0,0,0
2015-02-17 22:25:00,20.79,31.7,0.0,1303.5,0.004815514,0,1,22,0,0,0
2015-02-17 22:27:00,20.79,31.7,0.0,1295.0,0.004815514,0,1,22,0,0,0
2015-02-17 22:27:00,20.84,31.745,0.0,1295.0,0.004837384,0,1,22,0,0,0
2015-02-17 22:28:00,20.85666667,31.63,0.0,1575.666667,0.004824708,0,1,22,0,0,0
2015-02-17 22:30:00,20.79,31.6,0.0,1661.0,0.004800206,0,1,22,0,0,0
2015-02-17 22:31:00,20.89,31.65,0.0,1466.0,0.004837772,0,1,22,0,0,0
2015-02-17 22:32:00,20.84,31.6,0.0,1454.5,0.004815117,0,1,22,0,0,0
2015-02-17 22:33:00,20.84,31.55,0.0,1451.5,0.00480744,0,1,22,0,0,0
2015-02-17 22:34:00,20.79,31.5,0.0,1445.0,0.0047848990000000004,0,1,22,0,0,0
2015-02-17 22:34:00,20.79,31.395,0.0,1434.5,0.004768827,0,1,22,0,0,0
2015-02-17 22:36:00,20.79,31.445,0.0,1482.5,0.00477648,0,1,22,0,0,0
2015-02-17 22:37:00,20.79,31.445,0.0,1525.0,0.00477648,0,1,22,0,0,0
2015-02-17 22:38:00,20.82333333,31.42666667,0.0,1469.666667,0.004783555,0,1,22,0,0,0
2015-02-17 22:38:00,20.82333333,31.42666667,0.0,1474.666667,0.004783555,0,1,22,0,0,0
2015-02-17 22:40:00,20.84,31.445,0.0,1539.5,0.004791317,0,1,22,0,0,0
2015-02-17 22:40:00,20.79,31.29,0.0,1542.0,0.0047527559999999995,0,1,22,0,0,0
2015-02-17 22:41:00,20.84,31.395,0.0,1597.0,0.00478364,0,1,22,0,0,0
2015-02-17 22:43:00,20.79,31.29,0.0,1662.666667,0.0047527559999999995,0,1,22,0,0,0
2015-02-17 22:44:00,20.79,31.29,0.0,1645.5,0.0047527559999999995,0,1,22,0,0,0
2015-02-17 22:45:00,20.79,31.2,0.0,1627.0,0.004738981,0,1,22,0,0,0
2015-02-17 22:46:00,20.79,31.2,0.0,1582.0,0.004738981,0,1,22,0,0,0
2015-02-17 22:46:00,20.79,31.29,0.0,1558.5,0.0047527559999999995,0,1,22,0,0,0
2015-02-17 22:47:00,20.79,31.0,0.0,1542.5,0.004708373,0,1,22,0,0,0
2015-02-17 22:49:00,20.79,31.1,0.0,1526.0,0.004723677,0,1,22,0,0,0
2015-02-17 22:50:00,20.79,31.2,0.0,1513.0,0.004738981,0,1,22,0,0,0
2015-02-17 22:51:00,20.79,31.1,0.0,1502.0,0.004723677,0,1,22,0,0,0
2015-02-17 22:52:00,20.79,31.1,0.0,1501.5,0.004723677,0,1,22,0,0,0
2015-02-17 22:53:00,20.79,31.0,0.0,1727.0,0.004708373,0,1,22,0,0,0
2015-02-17 22:53:00,20.79,31.0,0.0,1721.0,0.004708373,0,1,22,0,0,0
2015-02-17 22:54:00,20.79,30.89,0.0,1655.0,0.00469154,0,1,22,0,0,0
2015-02-17 22:56:00,20.79,30.92666667,0.0,2072.0,0.004697151,0,1,22,0,0,0
2015-02-17 22:57:00,20.79,30.89,0.0,1690.6666670000002,0.00469154,0,1,22,0,0,0
2015-02-17 22:58:00,20.79,30.89,0.0,1412.0,0.00469154,0,1,22,0,0,0
2015-02-17 22:59:00,20.82333333,30.89,0.0,1254.666667,0.00470125,0,1,22,0,0,0
2015-02-17 22:59:00,20.79,30.79,0.0,1247.5,0.004676238,0,1,22,0,0,0
2015-02-17 23:00:00,20.79,30.79,0.0,1231.0,0.004676238,0,1,23,0,0,0
2015-02-17 23:02:00,20.79,30.89,0.0,1231.0,0.00469154,0,1,23,0,0,0
2015-02-17 23:03:00,20.84,30.84,0.0,1159.5,0.004698435999999999,0,1,23,0,0,0
2015-02-17 23:04:00,20.84,30.745,0.0,1157.0,0.004683854,0,1,23,0,0,0
2015-02-17 23:05:00,20.85666667,30.79333333,0.0,1135.333333,0.004696123,0,1,23,0,0,0
2015-02-17 23:06:00,20.79,30.7,0.0,1128.0,0.004662467,0,1,23,0,0,0
2015-02-17 23:06:00,20.84,30.745,0.0,1119.5,0.004683854,0,1,23,0,0,0
2015-02-17 23:08:00,20.89,30.79,0.0,1116.0,0.004705324,0,1,23,0,0,0
2015-02-17 23:09:00,20.89,30.79,0.0,1113.0,0.004705324,0,1,23,0,0,0
2015-02-17 23:10:00,20.89,30.7,0.0,1133.0,0.004691467,0,1,23,0,0,0
2015-02-17 23:10:00,20.84,30.695,0.0,1149.0,0.004676179,0,1,23,0,0,0
2015-02-17 23:12:00,20.84,30.6,0.0,1146.5,0.004661598,0,1,23,0,0,0
2015-02-17 23:12:00,20.89,30.63333333,0.0,1145.666667,0.004681202,0,1,23,0,0,0
2015-02-17 23:13:00,20.84,30.55,0.0,1136.5,0.004653924,0,1,23,0,0,0
2015-02-17 23:15:00,20.89,30.6,0.0,1132.0,0.00467607,0,1,23,0,0,0
2015-02-17 23:16:00,20.89,30.6,0.0,1135.5,0.00467607,0,1,23,0,0,0
2015-02-17 23:17:00,20.84,30.495,0.0,1164.5,0.004645483,0,1,23,0,0,0
2015-02-17 23:18:00,20.85666667,30.49666667,0.0,1180.0,0.004650542,0,1,23,0,0,0
2015-02-17 23:19:00,20.84,30.5,0.0,1173.0,0.004646251,0,1,23,0,0,0
2015-02-17 23:19:00,20.89,30.5,0.0,1184.5,0.004660675,0,1,23,0,0,0
2015-02-17 23:21:00,20.89,30.445,0.0,1189.5,0.004652207,0,1,23,0,0,0
2015-02-17 23:22:00,20.89,30.39,0.0,1190.0,0.00464374,0,1,23,0,0,0
2015-02-17 23:23:00,20.89,30.39,0.0,1198.0,0.00464374,0,1,23,0,0,0
2015-02-17 23:23:00,20.89,30.39,0.0,1191.0,0.00464374,0,1,23,0,0,0
2015-02-17 23:25:00,20.89,30.29,0.0,1196.0,0.004628346,0,1,23,0,0,0
2015-02-17 23:25:00,20.89,30.29,0.0,1195.0,0.004628346,0,1,23,0,0,0
2015-02-17 23:26:00,20.89,30.29,0.0,1193.0,0.004628346,0,1,23,0,0,0
2015-02-17 23:28:00,20.89,30.245,0.0,1193.5,0.004621419,0,1,23,0,0,0
2015-02-17 23:29:00,20.89,30.2,0.0,1186.0,0.004614492,0,1,23,0,0,0
2015-02-17 23:30:00,20.84,30.195,0.0,1198.5,0.004599444,0,1,23,0,0,0
2015-02-17 23:31:00,20.89,30.2,0.0,1202.0,0.004614492,0,1,23,0,0,0
2015-02-17 23:31:00,20.89,30.1,0.0,1199.333333,0.004599099000000001,0,1,23,0,0,0
2015-02-17 23:32:00,20.89,30.1,0.0,1197.0,0.004599099000000001,0,1,23,0,0,0
2015-02-17 23:34:00,20.89,30.1,0.0,1198.0,0.004599099000000001,0,1,23,0,0,0
2015-02-17 23:35:00,20.89,30.0,0.0,1202.0,0.004583707,0,1,23,0,0,0
2015-02-17 23:36:00,20.89,30.0,0.0,1212.5,0.004583707,0,1,23,0,0,0
2015-02-17 23:37:00,20.89,30.0,0.0,1221.5,0.004583707,0,1,23,0,0,0
2015-02-17 23:38:00,20.89,30.0,0.0,1219.0,0.004583707,0,1,23,0,0,0
2015-02-17 23:38:00,20.89,30.0,0.0,1217.333333,0.004583707,0,1,23,0,0,0
2015-02-17 23:39:00,20.89,30.0,0.0,1217.666667,0.004583707,0,1,23,0,0,0
2015-02-17 23:41:00,20.89,30.0,0.0,1221.0,0.004583707,0,1,23,0,0,0
2015-02-17 23:42:00,20.89,30.0,0.0,1220.5,0.004583707,0,1,23,0,0,0
2015-02-17 23:43:00,20.89,29.89,0.0,1235.0,0.004566777,0,1,23,0,0,0
2015-02-17 23:44:00,20.89,29.89,0.0,1252.5,0.004566777,0,1,23,0,0,0
2015-02-17 23:44:00,20.89,29.89,0.0,1250.0,0.004566777,0,1,23,0,0,0
2015-02-17 23:45:00,20.89,29.79,0.0,1216.0,0.004551386,0,1,23,0,0,0
2015-02-17 23:47:00,20.89,29.79,0.0,1231.5,0.004551386,0,1,23,0,0,0
2015-02-17 23:48:00,20.89,29.7,0.0,1252.5,0.004537536,0,1,23,0,0,0
2015-02-17 23:49:00,20.89,29.6,0.0,1270.5,0.004522147,0,1,23,0,0,0
2015-02-17 23:50:00,20.89,29.65,0.0,1269.5,0.004529841,0,1,23,0,0,0
2015-02-17 23:51:00,20.89,29.7,0.0,1267.0,0.004537536,0,1,23,0,0,0
2015-02-17 23:51:00,20.89,29.7,0.0,1255.5,0.004537536,0,1,23,0,0,0
2015-02-17 23:53:00,20.89,29.7,0.0,1245.5,0.004537536,0,1,23,0,0,0
2015-02-17 23:54:00,20.89,29.6,0.0,1221.5,0.004522147,0,1,23,0,0,0
2015-02-17 23:55:00,20.89,29.6,0.0,1201.0,0.004522147,0,1,23,0,0,0
2015-02-17 23:55:00,20.89,29.55,0.0,1196.0,0.004514452,0,1,23,0,0,0
2015-02-17 23:57:00,20.89,29.525,0.0,1194.0,0.004510605,0,1,23,0,0,0
2015-02-17 23:57:00,20.89,29.5,0.0,1203.0,0.004506758,0,1,23,0,0,0
2015-02-17 23:58:00,20.89,29.5,0.0,1202.5,0.004506758,0,1,23,0,0,0
2015-02-18 00:00:00,20.89,29.445,0.0,1201.5,0.004498295,0,2,0,0,0,0
2015-02-18 00:01:00,20.89,29.5,0.0,1201.5,0.004506758,0,2,0,0,0,0
2015-02-18 00:02:00,20.89,29.5,0.0,1205.0,0.004506758,0,2,0,0,0,0
2015-02-18 00:03:00,20.89,29.46333333,0.0,1212.666667,0.0045011159999999995,0,2,0,0,0,0
2015-02-18 00:04:00,20.89,29.5,0.0,1213.5,0.004506758,0,2,0,0,0,0
2015-02-18 00:04:00,20.89,29.42666667,0.0,1213.666667,0.004495474,0,2,0,0,0,0
2015-02-18 00:06:00,20.89,29.29,0.0,1215.0,0.004474446,0,2,0,0,0,0
2015-02-18 00:07:00,20.89,29.39,0.0,1233.0,0.004489832,0,2,0,0,0,0
2015-02-18 00:08:00,20.89,29.39,0.0,1234.5,0.004489832,0,2,0,0,0,0
2015-02-18 00:08:00,20.89,29.29,0.0,1239.0,0.004474446,0,2,0,0,0,0
2015-02-18 00:10:00,20.89,29.29,0.0,1246.5,0.004474446,0,2,0,0,0,0
2015-02-18 00:10:00,20.89,29.29,0.0,1238.5,0.004474446,0,2,0,0,0,0
2015-02-18 00:11:00,20.89,29.2,0.0,1244.0,0.004460598,0,2,0,0,0,0
2015-02-18 00:13:00,20.84,29.2,0.0,1255.5,0.004446798,0,2,0,0,0,0
2015-02-18 00:14:00,20.89,29.2,0.0,1327.0,0.004460598,0,2,0,0,0,0
2015-02-18 00:15:00,20.89,29.2,0.0,1355.0,0.004460598,0,2,0,0,0,0
2015-02-18 00:16:00,20.89,29.1,0.0,1367.5,0.004445213,0,2,0,0,0,0
2015-02-18 00:16:00,20.89,29.15,0.0,1302.5,0.0044529059999999995,0,2,0,0,0,0
2015-02-18 00:17:00,20.89,29.0,0.0,1255.0,0.004429829000000001,0,2,0,0,0,0
2015-02-18 00:19:00,20.89,29.1,0.0,1239.0,0.004445213,0,2,0,0,0,0
2015-02-18 00:20:00,20.89,29.0,0.0,1052.666667,0.004429829000000001,0,2,0,0,0,0
2015-02-18 00:21:00,20.89,29.0,0.0,1030.5,0.004429829000000001,0,2,0,0,0,0
2015-02-18 00:22:00,20.89,29.0,0.0,1043.0,0.004429829000000001,0,2,0,0,0,0
2015-02-18 00:23:00,20.89,29.0,0.0,1045.0,0.004429829000000001,0,2,0,0,0,0
2015-02-18 00:23:00,20.89,29.0,0.0,1058.5,0.004429829000000001,0,2,0,0,0,0
2015-02-18 00:24:00,20.89,28.89,0.0,1050.0,0.004412907,0,2,0,0,0,0
2015-02-18 00:26:00,20.89,28.89,0.0,1058.5,0.004412907,0,2,0,0,0,0
2015-02-18 00:27:00,20.89,28.89,0.0,1072.0,0.004412907,0,2,0,0,0,0
2015-02-18 00:28:00,20.89,28.89,0.0,1086.0,0.004412907,0,2,0,0,0,0
2015-02-18 00:29:00,20.89,28.89,0.0,1118.5,0.004412907,0,2,0,0,0,0
2015-02-18 00:29:00,20.89,28.89,0.0,1141.5,0.004412907,0,2,0,0,0,0
2015-02-18 00:30:00,20.89,28.89,0.0,1145.333333,0.004412907,0,2,0,0,0,0
2015-02-18 00:32:00,20.89,28.89,0.0,1141.0,0.004412907,0,2,0,0,0,0
2015-02-18 00:33:00,20.89,28.84,0.0,1154.0,0.004405215,0,2,0,0,0,0
2015-02-18 00:34:00,20.84,28.84,0.0,1159.5,0.004391587,0,2,0,0,0,0
2015-02-18 00:35:00,20.89,28.89,0.0,1164.5,0.004412907,0,2,0,0,0,0
2015-02-18 00:36:00,20.82333333,28.82333333,0.0,1158.0,0.0043844999999999995,0,2,0,0,0,0
2015-02-18 00:36:00,20.84,28.745,0.0,1185.5,0.004377019,0,2,0,0,0,0
2015-02-18 00:38:00,20.82333333,28.73,0.0,1206.333333,0.004370202,0,2,0,0,0,0
2015-02-18 00:39:00,20.89,28.7,0.0,1656.5,0.00438368,0,2,0,0,0,0
2015-02-18 00:40:00,20.89,28.7,0.0,1489.666667,0.00438368,0,2,0,0,0,0
2015-02-18 00:40:00,20.89,28.7,0.0,1879.5,0.00438368,0,2,0,0,0,0
2015-02-18 00:42:00,20.89,28.65,0.0,1774.0,0.004375989,0,2,0,0,0,0
2015-02-18 00:42:00,20.89,28.6,0.0,1684.0,0.004368298,0,2,0,0,0,0
2015-02-18 00:43:00,20.85666667,28.46333333,0.0,1631.666667,0.004338309,0,2,0,0,0,0
2015-02-18 00:45:00,20.79,28.5,0.0,1542.0,0.004326025,0,2,0,0,0,0
2015-02-18 00:46:00,20.89,28.55,0.0,1512.5,0.004360608,0,2,0,0,0,0
2015-02-18 00:47:00,20.85666667,28.56666667,0.0,1431.666667,0.004354169000000001,0,2,0,0,0,0
2015-02-18 00:48:00,20.89,28.5,0.0,1399.0,0.004352918,0,2,0,0,0,0
2015-02-18 00:49:00,20.89,28.445,0.0,1366.0,0.004344459,0,2,0,0,0,0
2015-02-18 00:49:00,20.89,28.445,0.0,1328.5,0.004344459,0,2,0,0,0,0
2015-02-18 00:51:00,20.89,28.39,0.0,1306.0,0.004336,0,2,0,0,0,0
2015-02-18 00:52:00,20.89,28.39,0.0,1308.0,0.004336,0,2,0,0,0,0
2015-02-18 00:53:00,20.89,28.39,0.0,1321.0,0.004336,0,2,0,0,0,0
2015-02-18 00:53:00,20.89,28.295,0.0,1344.5,0.00432139,0,2,0,0,0,0
2015-02-18 00:55:00,20.89,28.29,0.0,1359.0,0.004320621,0,2,0,0,0,0
2015-02-18 00:55:00,20.89,28.29,0.0,1359.0,0.004320621,0,2,0,0,0,0
2015-02-18 00:56:00,20.89,28.29,0.0,1357.0,0.004320621,0,2,0,0,0,0
2015-02-18 00:58:00,20.89,28.29,0.0,1350.0,0.004320621,0,2,0,0,0,0
2015-02-18 00:59:00,20.85666667,28.16666667,0.0,1337.5,0.00429278,0,2,0,0,0,0
2015-02-18 01:00:00,20.89,28.2,0.0,1340.333333,0.00430678,0,2,1,0,0,0
2015-02-18 01:01:00,20.89,28.245,0.0,1342.0,0.0043137,0,2,1,0,0,0
2015-02-18 01:01:00,20.89,28.2,0.0,1356.0,0.00430678,0,2,1,0,0,0
2015-02-18 01:02:00,20.89,28.1,0.0,1357.0,0.004291403,0,2,1,0,0,0
2015-02-18 01:04:00,20.82333333,28.13333333,0.0,1394.333333,0.004278817,0,2,1,0,0,0
2015-02-18 01:05:00,20.89,28.2,0.0,1427.0,0.00430678,0,2,1,0,0,0
2015-02-18 01:06:00,20.89,28.2,0.0,1427.0,0.00430678,0,2,1,0,0,0
2015-02-18 01:07:00,20.89,28.15,0.0,1420.0,0.004299091,0,2,1,0,0,0
2015-02-18 01:08:00,20.79,28.0,0.0,1419.0,0.0042496109999999995,0,2,1,0,0,0
2015-02-18 01:08:00,20.89,28.1,0.0,1422.0,0.004291403,0,2,1,0,0,0
2015-02-18 01:09:00,20.84,27.995,0.0,1366.5,0.0042620340000000005,0,2,1,0,0,0
2015-02-18 01:11:00,20.89,28.1,0.0,1322.0,0.004291403,0,2,1,0,0,0
2015-02-18 01:12:00,20.89,27.995,0.0,1307.5,0.004275257,0,2,1,0,0,0
2015-02-18 01:13:00,20.82333333,27.89,0.0,1311.5,0.004241556,0,2,1,0,0,0
2015-02-18 01:14:00,20.79,27.89,0.0,1341.333333,0.004232802,0,2,1,0,0,0
2015-02-18 01:14:00,20.79,27.89,0.0,1327.666667,0.004232802,0,2,1,0,0,0
2015-02-18 01:15:00,20.79,27.89,0.0,1323.5,0.004232802,0,2,1,0,0,0
2015-02-18 01:17:00,20.79,27.89,0.0,1297.5,0.004232802,0,2,1,0,0,0
2015-02-18 01:18:00,20.79,27.89,0.0,1291.25,0.004232802,0,2,1,0,0,0
2015-02-18 01:19:00,20.89,28.0,0.0,1299.0,0.004276026,0,2,1,0,0,0
2015-02-18 01:20:00,20.79,27.89,0.0,1302.0,0.004232802,0,2,1,0,0,0
2015-02-18 01:21:00,20.79,27.89,0.0,1317.0,0.004232802,0,2,1,0,0,0
2015-02-18 01:21:00,20.79,27.79,0.0,1321.0,0.004217523,0,2,1,0,0,0
2015-02-18 01:23:00,20.84,27.84,0.0,1321.5,0.004238275,0,2,1,0,0,0
2015-02-18 01:24:00,20.79,27.79,0.0,1321.0,0.004217523,0,2,1,0,0,0
2015-02-18 01:25:00,20.79,27.79,0.0,1317.5,0.004217523,0,2,1,0,0,0
2015-02-18 01:25:00,20.79,27.66666667,0.0,1318.666667,0.004198679,0,2,1,0,0,0
2015-02-18 01:27:00,20.89,27.7,0.0,1329.0,0.0042299,0,2,1,0,0,0
2015-02-18 01:27:00,20.85666667,27.76,0.0,1330.666667,0.00423038,0,2,1,0,0,0
2015-02-18 01:28:00,20.89,27.7,0.0,1329.0,0.0042299,0,2,1,0,0,0
2015-02-18 01:30:00,20.84,27.7225,0.0,1330.5,0.004220265999999999,0,2,1,0,0,0
2015-02-18 01:31:00,20.89,27.79,0.0,1342.0,0.004243737,0,2,1,0,0,0
2015-02-18 01:32:00,20.89,27.6,0.0,1342.0,0.004214526,0,2,1,0,0,0
2015-02-18 01:33:00,20.79,27.445,0.0,1333.5,0.004164814,0,2,1,0,0,0
2015-02-18 01:34:00,20.79,27.6,0.0,1336.0,0.004188493,0,2,1,0,0,0
2015-02-18 01:34:00,20.79,27.6,0.0,1335.666667,0.004188493,0,2,1,0,0,0
2015-02-18 01:36:00,20.79,27.6,0.0,1322.0,0.004188493,0,2,1,0,0,0
2015-02-18 01:37:00,20.79,27.65,0.0,1348.5,0.004196132,0,2,1,0,0,0
2015-02-18 01:38:00,20.79,27.55,0.0,1358.5,0.004180855,0,2,1,0,0,0
2015-02-18 01:38:00,20.79,27.6,0.0,1386.5,0.004188493,0,2,1,0,0,0
2015-02-18 01:40:00,20.79,27.5,0.0,1404.0,0.0041732159999999996,0,2,1,0,0,0
2015-02-18 01:40:00,20.79,27.5,0.0,1431.5,0.0041732159999999996,0,2,1,0,0,0
2015-02-18 01:41:00,20.79,27.445,0.0,1483.0,0.004164814,0,2,1,0,0,0
2015-02-18 01:43:00,20.79,27.445,0.0,1472.0,0.004164814,0,2,1,0,0,0
2015-02-18 01:44:00,20.79,27.39,0.0,1484.0,0.004156411,0,2,1,0,0,0
2015-02-18 01:45:00,20.79,27.5,0.0,1496.333333,0.0041732159999999996,0,2,1,0,0,0
2015-02-18 01:46:00,20.79,27.5,0.0,1497.0,0.0041732159999999996,0,2,1,0,0,0
2015-02-18 01:46:00,20.79,27.39,0.0,1515.5,0.004156411,0,2,1,0,0,0
2015-02-18 01:47:00,20.79,27.5,0.0,1748.0,0.0041732159999999996,0,2,1,0,0,0
2015-02-18 01:49:00,20.79,27.39,0.0,2065.75,0.004156411,0,2,1,0,0,0
2015-02-18 01:50:00,20.79,27.39,0.0,1739.0,0.004156411,0,2,1,0,0,0
2015-02-18 01:51:00,20.79,27.245,0.0,2076.5,0.0041342620000000005,0,2,1,0,0,0
2015-02-18 01:52:00,20.79,27.26,0.0,1978.6666670000002,0.004136553,0,2,1,0,0,0
2015-02-18 01:53:00,20.79,27.1,0.0,1588.0,0.004112113,0,2,1,0,0,0
2015-02-18 01:53:00,20.79,27.195,0.0,1544.5,0.004126624000000001,0,2,1,0,0,0
2015-02-18 01:54:00,20.79,27.1,0.0,1538.5,0.004112113,0,2,1,0,0,0
2015-02-18 01:56:00,20.73,27.1,0.0,1398.333333,0.004096847,0,2,1,0,0,0
2015-02-18 01:57:00,20.7,27.1,0.0,1415.0,0.004089233,0,2,1,0,0,0
2015-02-18 01:58:00,20.7,27.15,0.0,1409.0,0.004096828,0,2,1,0,0,0
2015-02-18 01:59:00,20.7,27.15,0.0,1603.5,0.004096828,0,2,1,0,0,0
2015-02-18 01:59:00,20.7,27.2,0.0,1537.0,0.004104422,0,2,1,0,0,0
2015-02-18 02:00:00,20.7,27.16666667,0.0,1288.666667,0.004099359,0,2,2,0,0,0
2015-02-18 02:02:00,20.7,27.2,0.0,1283.0,0.004104422,0,2,2,0,0,0
2015-02-18 02:03:00,20.7,27.2,0.0,1282.0,0.004104422,0,2,2,0,0,0
2015-02-18 02:04:00,20.745,27.2,0.0,1282.5,0.004115891,0,2,2,0,0,0
2015-02-18 02:05:00,20.79,27.06666667,0.0,1285.0,0.004107022,0,2,2,0,0,0
2015-02-18 02:06:00,20.7,27.0,0.0,1282.0,0.004074045,0,2,2,0,0,0
2015-02-18 02:06:00,20.745,27.05,0.0,1236.5,0.0040930440000000005,0,2,2,0,0,0
2015-02-18 02:08:00,20.7,27.06666667,0.0,1241.333333,0.00408417,0,2,2,0,0,0
2015-02-18 02:09:00,20.7,27.1,0.0,1241.0,0.004089233,0,2,2,0,0,0
2015-02-18 02:10:00,20.7,26.945,0.0,1219.5,0.004065692,0,2,2,0,0,0
2015-02-18 02:10:00,20.7,27.0,0.0,1214.0,0.004074045,0,2,2,0,0,0
2015-02-18 02:12:00,20.7,26.945,0.0,1216.5,0.004065692,0,2,2,0,0,0
2015-02-18 02:12:00,20.7,27.1,0.0,1211.0,0.004089233,0,2,2,0,0,0
2015-02-18 02:13:00,20.7,27.1,0.0,1207.5,0.004089233,0,2,2,0,0,0
2015-02-18 02:15:00,20.7,27.0,0.0,1209.0,0.004074045,0,2,2,0,0,0
2015-02-18 02:16:00,20.7,26.995,0.0,1206.5,0.004073286,0,2,2,0,0,0
2015-02-18 02:17:00,20.7,27.1,0.0,1210.0,0.004089233,0,2,2,0,0,0
2015-02-18 02:18:00,20.7,27.0,0.0,1215.0,0.004074045,0,2,2,0,0,0
2015-02-18 02:19:00,20.745,27.0,0.0,1222.5,0.0040854279999999995,0,2,2,0,0,0
2015-02-18 02:19:00,20.745,26.89,0.0,1221.0,0.004068675,0,2,2,0,0,0
2015-02-18 02:21:00,20.73,26.82333333,0.0,1213.666667,0.00405475,0,2,2,0,0,0
2015-02-18 02:22:00,20.7,26.84,0.0,1212.0,0.004049745,0,2,2,0,0,0
2015-02-18 02:23:00,20.7,26.89,0.0,1220.5,0.004057339,0,2,2,0,0,0
2015-02-18 02:23:00,20.66666667,26.79333333,0.0,1220.333333,0.00403431,0,2,2,0,0,0
2015-02-18 02:25:00,20.7,26.89,0.0,1224.0,0.004057339,0,2,2,0,0,0
2015-02-18 02:25:00,20.6,26.84,0.0,1234.0,0.0040247009999999995,0,2,2,0,0,0
2015-02-18 02:26:00,20.7,26.89,0.0,1231.5,0.004057339,0,2,2,0,0,0
2015-02-18 02:28:00,20.6,26.84,0.0,1233.5,0.0040247009999999995,0,2,2,0,0,0
2015-02-18 02:29:00,20.6,26.84,0.0,1238.0,0.0040247009999999995,0,2,2,0,0,0
2015-02-18 02:30:00,20.6,26.89,0.0,1233.0,0.004032247,0,2,2,0,0,0
2015-02-18 02:31:00,20.7,27.0,0.0,1234.0,0.004074045,0,2,2,0,0,0
2015-02-18 02:31:00,20.7,26.945,0.0,1239.0,0.004065692,0,2,2,0,0,0
2015-02-18 02:32:00,20.7,26.89,0.0,1246.0,0.004057339,0,2,2,0,0,0
2015-02-18 02:34:00,20.66666667,26.89,0.0,1253.666667,0.00404896,0,2,2,0,0,0
2015-02-18 02:35:00,20.65,26.79,0.0,1257.5,0.004029636,0,2,2,0,0,0
2015-02-18 02:36:00,20.7,26.89,0.0,1257.0,0.004057339,0,2,2,0,0,0
2015-02-18 02:37:00,20.7,26.89,0.0,1254.5,0.004057339,0,2,2,0,0,0
2015-02-18 02:38:00,20.7,26.89,0.0,1262.0,0.004057339,0,2,2,0,0,0
2015-02-18 02:38:00,20.7,26.89,0.0,1276.0,0.004057339,0,2,2,0,0,0
2015-02-18 02:39:00,20.7,26.89,0.0,1276.0,0.004057339,0,2,2,0,0,0
2015-02-18 02:41:00,20.7,26.79,0.0,1272.5,0.004042152,0,2,2,0,0,0
2015-02-18 02:42:00,20.7,26.82333333,0.0,1272.0,0.004047214,0,2,2,0,0,0
2015-02-18 02:43:00,20.7,26.79,0.0,1277.0,0.004042152,0,2,2,0,0,0
2015-02-18 02:44:00,20.7,26.79,0.0,1274.0,0.004042152,0,2,2,0,0,0
2015-02-18 02:44:00,20.79,26.745,0.0,1272.5,0.004057895,0,2,2,0,0,0
2015-02-18 02:45:00,20.79,26.79,0.0,1271.0,0.004064767,0,2,2,0,0,0
2015-02-18 02:47:00,20.745,26.7,0.0,1264.5,0.00403974,0,2,2,0,0,0
2015-02-18 02:48:00,20.79,26.745,0.0,1262.0,0.004057895,0,2,2,0,0,0
2015-02-18 02:49:00,20.79,26.7,0.0,1255.333333,0.004051023,0,2,2,0,0,0
2015-02-18 02:50:00,20.79,26.7,0.0,1262.0,0.004051023,0,2,2,0,0,0
2015-02-18 02:51:00,20.79,26.7,0.0,1261.5,0.004051023,0,2,2,0,0,0
2015-02-18 02:51:00,20.79,26.6,0.0,1253.333333,0.004035752,0,2,2,0,0,0
2015-02-18 02:53:00,20.79,26.6,0.0,1268.0,0.004035752,0,2,2,0,0,0
2015-02-18 02:54:00,20.79,26.6,0.0,1264.5,0.004035752,0,2,2,0,0,0
2015-02-18 02:55:00,20.79,26.6,0.0,1264.0,0.004035752,0,2,2,0,0,0
2015-02-18 02:55:00,20.79,26.6,0.0,1264.333333,0.004035752,0,2,2,0,0,0
2015-02-18 02:57:00,20.79,26.6,0.0,1264.5,0.004035752,0,2,2,0,0,0
2015-02-18 02:57:00,20.79,26.625,0.0,1260.75,0.004039569000000001,0,2,2,0,0,0
2015-02-18 02:58:00,20.79,26.65,0.0,1257.0,0.004043387,0,2,2,0,0,0
2015-02-18 03:00:00,20.79,26.6,0.0,1261.0,0.004035752,0,2,3,0,0,0
2015-02-18 03:01:00,20.79,26.6,0.0,1259.0,0.004035752,0,2,3,0,0,0
2015-02-18 03:02:00,20.79,26.6,0.0,1253.0,0.004035752,0,2,3,0,0,0
2015-02-18 03:03:00,20.79,26.6,0.0,1247.0,0.004035752,0,2,3,0,0,0
2015-02-18 03:04:00,20.79,26.56666667,0.0,1239.666667,0.004030662,0,2,3,0,0,0
2015-02-18 03:04:00,20.79,26.5,0.0,1236.0,0.004020482,0,2,3,0,0,0
2015-02-18 03:06:00,20.79,26.55,0.0,1236.0,0.004028117,0,2,3,0,0,0
2015-02-18 03:07:00,20.79,26.5,0.0,1244.666667,0.004020482,0,2,3,0,0,0
2015-02-18 03:08:00,20.79,26.5,0.0,1259.0,0.004020482,0,2,3,0,0,0
2015-02-18 03:08:00,20.79,26.5,0.0,1251.5,0.004020482,0,2,3,0,0,0
2015-02-18 03:10:00,20.79,26.5,0.0,1252.0,0.004020482,0,2,3,0,0,0
2015-02-18 03:10:00,20.79,26.5,0.0,1255.0,0.004020482,0,2,3,0,0,0
2015-02-18 03:11:00,20.79,26.5,0.0,1261.0,0.004020482,0,2,3,0,0,0
2015-02-18 03:13:00,20.79,26.5,0.0,1256.5,0.004020482,0,2,3,0,0,0
2015-02-18 03:14:00,20.79,26.5,0.0,1257.5,0.004020482,0,2,3,0,0,0
2015-02-18 03:15:00,20.79,26.5,0.0,1261.0,0.004020482,0,2,3,0,0,0
2015-02-18 03:16:00,20.79,26.445,0.0,1264.0,0.004012083,0,2,3,0,0,0
2015-02-18 03:16:00,20.79,26.5,0.0,1263.0,0.004020482,0,2,3,0,0,0
2015-02-18 03:17:00,20.79,26.39,0.0,1270.0,0.004003685,0,2,3,0,0,0
2015-02-18 03:19:00,20.79,26.39,0.0,1287.5,0.004003685,0,2,3,0,0,0
2015-02-18 03:20:00,20.79,26.39,0.0,1316.0,0.004003685,0,2,3,0,0,0
2015-02-18 03:21:00,20.79,26.39,0.0,1363.0,0.004003685,0,2,3,0,0,0
2015-02-18 03:22:00,20.79,26.39,0.0,1365.0,0.004003685,0,2,3,0,0,0
2015-02-18 03:23:00,20.79,26.445,0.0,1366.5,0.004012083,0,2,3,0,0,0
2015-02-18 03:23:00,20.79,26.39,0.0,1359.333333,0.004003685,0,2,3,0,0,0
2015-02-18 03:24:00,20.79,26.39,0.0,1356.0,0.004003685,0,2,3,0,0,0
2015-02-18 03:26:00,20.79,26.39,0.0,1365.5,0.004003685,0,2,3,0,0,0
2015-02-18 03:27:00,20.79,26.39,0.0,1369.0,0.004003685,0,2,3,0,0,0
2015-02-18 03:28:00,20.85666667,26.46333333,0.0,1371.333333,0.004031499,0,2,3,0,0,0
2015-02-18 03:29:00,20.79,26.39,0.0,1378.0,0.004003685,0,2,3,0,0,0
2015-02-18 03:29:00,20.79,26.32333333,0.0,1346.0,0.003993506,0,2,3,0,0,0
2015-02-18 03:30:00,20.79,26.35666667,0.0,1339.333333,0.003998596,0,2,3,0,0,0
2015-02-18 03:32:00,20.79,26.29,0.0,1343.0,0.003988417,0,2,3,0,0,0
2015-02-18 03:33:00,20.79,26.29,0.0,1354.0,0.003988417,0,2,3,0,0,0
2015-02-18 03:34:00,20.79,26.39,0.0,1354.0,0.004003685,0,2,3,0,0,0
2015-02-18 03:35:00,20.79,26.35666667,0.0,1367.0,0.003998596,0,2,3,0,0,0
2015-02-18 03:36:00,20.79,26.35666667,0.0,1373.75,0.003998596,0,2,3,0,0,0
2015-02-18 03:36:00,20.79,26.39,0.0,1366.5,0.004003685,0,2,3,0,0,0
2015-02-18 03:38:00,20.79,26.29,0.0,1374.5,0.003988417,0,2,3,0,0,0
2015-02-18 03:39:00,20.79,26.29,0.0,1383.75,0.003988417,0,2,3,0,0,0
2015-02-18 03:40:00,20.79,26.29,0.0,1388.0,0.003988417,0,2,3,0,0,0
2015-02-18 03:40:00,20.79,26.29,0.0,1391.333333,0.003988417,0,2,3,0,0,0
2015-02-18 03:42:00,20.79,26.29,0.0,1391.0,0.003988417,0,2,3,0,0,0
2015-02-18 03:42:00,20.79,26.245,0.0,1385.0,0.003981546,0,2,3,0,0,0
2015-02-18 03:43:00,20.79,26.29,0.0,1365.0,0.003988417,0,2,3,0,0,0
2015-02-18 03:45:00,20.79,26.26,0.0,1349.0,0.0039838370000000005,0,2,3,0,0,0
2015-02-18 03:46:00,20.79,26.245,0.0,1347.5,0.003981546,0,2,3,0,0,0
2015-02-18 03:47:00,20.79,26.2,0.0,1354.0,0.003974676,0,2,3,0,0,0
2015-02-18 03:48:00,20.79,26.2,0.0,1366.0,0.003974676,0,2,3,0,0,0
2015-02-18 03:49:00,20.79,26.2,0.0,1366.0,0.003974676,0,2,3,0,0,0
2015-02-18 03:49:00,20.79,26.2,0.0,1354.5,0.003974676,0,2,3,0,0,0
2015-02-18 03:51:00,20.79,26.2,0.0,1350.5,0.003974676,0,2,3,0,0,0
2015-02-18 03:52:00,20.79,26.2,0.0,1362.0,0.003974676,0,2,3,0,0,0
2015-02-18 03:53:00,20.79,26.2,0.0,1369.0,0.003974676,0,2,3,0,0,0
2015-02-18 03:53:00,20.79,26.2,0.0,1391.0,0.003974676,0,2,3,0,0,0
2015-02-18 03:55:00,20.79,26.1,0.0,1406.0,0.0039594090000000005,0,2,3,0,0,0
2015-02-18 03:55:00,20.79,26.2,0.0,1409.25,0.003974676,0,2,3,0,0,0
2015-02-18 03:56:00,20.79,26.1,0.0,1415.0,0.0039594090000000005,0,2,3,0,0,0
2015-02-18 03:58:00,20.79,26.2,0.0,1432.333333,0.003974676,0,2,3,0,0,0
2015-02-18 03:59:00,20.79,26.2,0.0,1432.5,0.003974676,0,2,3,0,0,0
2015-02-18 04:00:00,20.79,26.2,0.0,1428.0,0.003974676,0,2,4,0,0,0
2015-02-18 04:01:00,20.79,26.1,0.0,1434.0,0.0039594090000000005,0,2,4,0,0,0
2015-02-18 04:01:00,20.79,26.1,0.0,1434.0,0.0039594090000000005,0,2,4,0,0,0
2015-02-18 04:02:00,20.79,26.1,0.0,1431.5,0.0039594090000000005,0,2,4,0,0,0
2015-02-18 04:04:00,20.79,26.1,0.0,1421.0,0.0039594090000000005,0,2,4,0,0,0
2015-02-18 04:05:00,20.79,26.1,0.0,1418.75,0.0039594090000000005,0,2,4,0,0,0
2015-02-18 04:06:00,20.79,26.1,0.0,1415.0,0.0039594090000000005,0,2,4,0,0,0
2015-02-18 04:07:00,20.79,26.1,0.0,1409.5,0.0039594090000000005,0,2,4,0,0,0
2015-02-18 04:08:00,20.79,26.1,0.0,1399.5,0.0039594090000000005,0,2,4,0,0,0
2015-02-18 04:08:00,20.79,26.1,0.0,1403.5,0.0039594090000000005,0,2,4,0,0,0
2015-02-18 04:09:00,20.79,26.13333333,0.0,1408.333333,0.0039644979999999995,0,2,4,0,0,0
2015-02-18 04:11:00,20.79,26.1,0.0,1414.0,0.0039594090000000005,0,2,4,0,0,0
2015-02-18 04:12:00,20.79,26.1,0.0,1413.0,0.0039594090000000005,0,2,4,0,0,0
2015-02-18 04:13:00,20.79,26.1,0.0,1411.0,0.0039594090000000005,0,2,4,0,0,0
2015-02-18 04:14:00,20.79,26.1,0.0,1401.0,0.0039594090000000005,0,2,4,0,0,0
2015-02-18 04:14:00,20.79,26.1,0.0,1394.0,0.0039594090000000005,0,2,4,0,0,0
2015-02-18 04:15:00,20.79,26.1,0.0,1399.5,0.0039594090000000005,0,2,4,0,0,0
2015-02-18 04:17:00,20.79,26.0,0.0,1416.0,0.003944142,0,2,4,0,0,0
2015-02-18 04:18:00,20.89,26.1,0.0,1426.0,0.003984008,0,2,4,0,0,0
2015-02-18 04:19:00,20.82333333,26.13333333,0.0,1424.0,0.003972693,0,2,4,0,0,0
2015-02-18 04:20:00,20.79,26.1,0.0,1441.0,0.0039594090000000005,0,2,4,0,0,0
2015-02-18 04:21:00,20.79,26.1,0.0,1449.0,0.0039594090000000005,0,2,4,0,0,0
2015-02-18 04:21:00,20.82333333,26.06666667,0.0,1456.5,0.003962494,0,2,4,0,0,0
2015-02-18 04:23:00,20.79,26.05,0.0,1463.0,0.003951776,0,2,4,0,0,0
2015-02-18 04:24:00,20.79,26.0,0.0,1467.5,0.003944142,0,2,4,0,0,0
2015-02-18 04:25:00,20.79,26.05,0.0,1468.5,0.003951776,0,2,4,0,0,0
2015-02-18 04:25:00,20.79,26.075,0.0,1464.75,0.003955592,0,2,4,0,0,0
2015-02-18 04:27:00,20.79,26.1,0.0,1452.0,0.0039594090000000005,0,2,4,0,0,0
2015-02-18 04:27:00,20.79,26.0,0.0,1453.0,0.003944142,0,2,4,0,0,0
2015-02-18 04:28:00,20.79,26.0,0.0,1463.0,0.003944142,0,2,4,0,0,0
2015-02-18 04:30:00,20.79,26.0,0.0,1466.0,0.003944142,0,2,4,0,0,0
2015-02-18 04:31:00,20.79,26.1,0.0,1465.0,0.0039594090000000005,0,2,4,0,0,0
2015-02-18 04:32:00,20.79,26.025,0.0,1481.25,0.003947959,0,2,4,0,0,0
2015-02-18 04:33:00,20.79,26.0,0.0,1482.75,0.003944142,0,2,4,0,0,0
2015-02-18 04:34:00,20.79,26.0,0.0,1482.5,0.003944142,0,2,4,0,0,0
2015-02-18 04:34:00,20.79,26.0,0.0,1482.5,0.003944142,0,2,4,0,0,0
2015-02-18 04:36:00,20.85666667,26.1,0.0,1501.0,0.003975794,0,2,4,0,0,0
2015-02-18 04:37:00,20.79,26.05,0.0,1500.5,0.003951776,0,2,4,0,0,0
2015-02-18 04:38:00,20.79,26.1,0.0,1514.0,0.0039594090000000005,0,2,4,0,0,0
2015-02-18 04:38:00,20.79,26.03333333,0.0,1511.666667,0.003949231,0,2,4,0,0,0
2015-02-18 04:40:00,20.79,26.03333333,0.0,1505.0,0.003949231,0,2,4,0,0,0
2015-02-18 04:40:00,20.84,26.1,0.0,1503.0,0.003971692,0,2,4,0,0,0
2015-02-18 04:41:00,20.79,26.0,0.0,1511.0,0.003944142,0,2,4,0,0,0
2015-02-18 04:43:00,20.79,26.1,0.0,1510.0,0.0039594090000000005,0,2,4,0,0,0
2015-02-18 04:44:00,20.79,26.1,0.0,1484.0,0.0039594090000000005,0,2,4,0,0,0
2015-02-18 04:45:00,20.79,26.1,0.0,1456.5,0.0039594090000000005,0,2,4,0,0,0
2015-02-18 04:46:00,20.79,26.1,0.0,1504.5,0.0039594090000000005,0,2,4,0,0,0
2015-02-18 04:46:00,20.79,26.1,0.0,1521.5,0.0039594090000000005,0,2,4,0,0,0
2015-02-18 04:47:00,20.79,26.1,0.0,1513.0,0.0039594090000000005,0,2,4,0,0,0
2015-02-18 04:49:00,20.79,26.1,0.0,1510.0,0.0039594090000000005,0,2,4,0,0,0
2015-02-18 04:50:00,20.79,26.1,0.0,1513.75,0.0039594090000000005,0,2,4,0,0,0
2015-02-18 04:51:00,20.79,26.1,0.0,1517.5,0.0039594090000000005,0,2,4,0,0,0
2015-02-18 04:52:00,20.79,26.175,0.0,1519.0,0.003970859,0,2,4,0,0,0
2015-02-18 04:53:00,20.79,26.1,0.0,1539.5,0.0039594090000000005,0,2,4,0,0,0
2015-02-18 04:53:00,20.79,26.1,0.0,1547.0,0.0039594090000000005,0,2,4,0,0,0
2015-02-18 04:54:00,20.79,26.2,0.0,1565.0,0.003974676,0,2,4,0,0,0
2015-02-18 04:56:00,20.79,26.2,0.0,1570.0,0.003974676,0,2,4,0,0,0
2015-02-18 04:57:00,20.79,26.2,0.0,1562.0,0.003974676,0,2,4,0,0,0
2015-02-18 04:58:00,20.79,26.2,0.0,1573.5,0.003974676,0,2,4,0,0,0
2015-02-18 04:59:00,20.745,26.2,0.0,1555.0,0.003963607,0,2,4,0,0,0
2015-02-18 04:59:00,20.745,26.2,0.0,1510.0,0.003963607,0,2,4,0,0,0
2015-02-18 05:00:00,20.76,26.26,0.0,1495.666667,0.003976437,0,2,5,0,0,0
2015-02-18 05:02:00,20.7,26.2,0.0,1493.5,0.003952565999999999,0,2,5,0,0,0
2015-02-18 05:03:00,20.7,26.2,0.0,1493.0,0.003952565999999999,0,2,5,0,0,0
2015-02-18 05:04:00,20.745,26.2,0.0,1481.0,0.003963607,0,2,5,0,0,0
2015-02-18 05:05:00,20.7675,26.2675,0.0,1472.5,0.0039794290000000005,0,2,5,0,0,0
2015-02-18 05:06:00,20.79,26.2,0.0,1492.0,0.003974676,0,2,5,0,0,0
2015-02-18 05:06:00,20.73,26.29,0.0,1494.0,0.003973613,0,2,5,0,0,0
2015-02-18 05:08:00,20.7,26.2,0.0,1506.0,0.003952565999999999,0,2,5,0,0,0
2015-02-18 05:09:00,20.745,26.2,0.0,1527.0,0.003963607,0,2,5,0,0,0
2015-02-18 05:10:00,20.79,26.2,0.0,1541.0,0.003974676,0,2,5,0,0,0
2015-02-18 05:10:00,20.7,26.29,0.0,1535.5,0.00396623,0,2,5,0,0,0
2015-02-18 05:12:00,20.745,26.29,0.0,1528.0,0.00397731,0,2,5,0,0,0
2015-02-18 05:12:00,20.79,26.2,0.0,1520.5,0.003974676,0,2,5,0,0,0
2015-02-18 05:13:00,20.79,26.2,0.0,1503.0,0.003974676,0,2,5,0,0,0
2015-02-18 05:15:00,20.79,26.2,0.0,1496.0,0.003974676,0,2,5,0,0,0
2015-02-18 05:16:00,20.79,26.2,0.0,1498.0,0.003974676,0,2,5,0,0,0
2015-02-18 05:17:00,20.79,26.2,0.0,1484.5,0.003974676,0,2,5,0,0,0
2015-02-18 05:18:00,20.79,26.29,0.0,1476.0,0.003988417,0,2,5,0,0,0
2015-02-18 05:19:00,20.79,26.29,0.0,1477.0,0.003988417,0,2,5,0,0,0
2015-02-18 05:19:00,20.745,26.29,0.0,1487.0,0.00397731,0,2,5,0,0,0
2015-02-18 05:21:00,20.73,26.26,0.0,1494.0,0.00396905,0,2,5,0,0,0
2015-02-18 05:22:00,20.79,26.245,0.0,1506.5,0.003981546,0,2,5,0,0,0
2015-02-18 05:23:00,20.745,26.29,0.0,1510.5,0.00397731,0,2,5,0,0,0
2015-02-18 05:23:00,20.745,26.245,0.0,1523.5,0.003970458,0,2,5,0,0,0
2015-02-18 05:25:00,20.79,26.245,0.0,1514.0,0.003981546,0,2,5,0,0,0
2015-02-18 05:25:00,20.79,26.29,0.0,1527.5,0.003988417,0,2,5,0,0,0
2015-02-18 05:26:00,20.79,26.29,0.0,1532.0,0.003988417,0,2,5,0,0,0
2015-02-18 05:28:00,20.79,26.29,0.0,1532.5,0.003988417,0,2,5,0,0,0
2015-02-18 05:29:00,20.76,26.29,0.0,1538.666667,0.003981009000000001,0,2,5,0,0,0
2015-02-18 05:30:00,20.79,26.29,0.0,1542.0,0.003988417,0,2,5,0,0,0
2015-02-18 05:31:00,20.79,26.2,0.0,1551.5,0.003974676,0,2,5,0,0,0
2015-02-18 05:31:00,20.79,26.2,0.0,1555.5,0.003974676,0,2,5,0,0,0
2015-02-18 05:32:00,20.79,26.2,0.0,1555.0,0.003974676,0,2,5,0,0,0
2015-02-18 05:34:00,20.79,26.29,0.0,1550.5,0.003988417,0,2,5,0,0,0
2015-02-18 05:35:00,20.79,26.29,0.0,1546.0,0.003988417,0,2,5,0,0,0
2015-02-18 05:36:00,20.79,26.29,0.0,1531.0,0.003988417,0,2,5,0,0,0
2015-02-18 05:37:00,20.79,26.29,0.0,1518.0,0.003988417,0,2,5,0,0,0
2015-02-18 05:38:00,20.79,26.29,0.0,1508.5,0.003988417,0,2,5,0,0,0
2015-02-18 05:38:00,20.79,26.29,0.0,1513.5,0.003988417,0,2,5,0,0,0
2015-02-18 05:39:00,20.79,26.29,0.0,1516.0,0.003988417,0,2,5,0,0,0
2015-02-18 05:41:00,20.79,26.29,0.0,1521.0,0.003988417,0,2,5,0,0,0
2015-02-18 05:42:00,20.79,26.29,0.0,1536.5,0.003988417,0,2,5,0,0,0
2015-02-18 05:43:00,20.79,26.39,0.0,1534.0,0.004003685,0,2,5,0,0,0
2015-02-18 05:44:00,20.79,26.39,0.0,1533.5,0.004003685,0,2,5,0,0,0
2015-02-18 05:44:00,20.745,26.39,0.0,1582.0,0.003992535,0,2,5,0,0,0
2015-02-18 05:45:00,20.76,26.39,0.0,1571.333333,0.003996249,0,2,5,0,0,0
2015-02-18 05:47:00,20.79,26.39,0.0,1571.0,0.004003685,0,2,5,0,0,0
2015-02-18 05:48:00,20.79,26.39,0.0,1568.0,0.004003685,0,2,5,0,0,0
2015-02-18 05:49:00,20.79,26.39,0.0,1563.666667,0.004003685,0,2,5,0,0,0
2015-02-18 05:50:00,20.79,26.39,0.0,1556.5,0.004003685,0,2,5,0,0,0
2015-02-18 05:51:00,20.79,26.39,0.0,1572.0,0.004003685,0,2,5,0,0,0
2015-02-18 05:51:00,20.79,26.39,0.0,1597.0,0.004003685,0,2,5,0,0,0
2015-02-18 05:53:00,20.79,26.39,0.0,1597.0,0.004003685,0,2,5,0,0,0
2015-02-18 05:54:00,20.79,26.39,0.0,1601.5,0.004003685,0,2,5,0,0,0
2015-02-18 05:55:00,20.79,26.39,0.0,1577.0,0.004003685,0,2,5,0,0,0
2015-02-18 05:55:00,20.79,26.39,0.0,1567.0,0.004003685,0,2,5,0,0,0
2015-02-18 05:57:00,20.79,26.39,0.0,1531.0,0.004003685,0,2,5,0,0,0
2015-02-18 05:57:00,20.79,26.445,0.0,1495.0,0.004012083,0,2,5,0,0,0
2015-02-18 05:58:00,20.79,26.42666667,0.0,1487.0,0.004009284,0,2,5,0,0,0
2015-02-18 06:00:00,20.79,26.39,0.0,1486.0,0.004003685,0,2,6,0,0,0
2015-02-18 06:01:00,20.79,26.445,0.0,1489.0,0.004012083,0,2,6,0,0,0
2015-02-18 06:02:00,20.79,26.5,0.0,1492.0,0.004020482,0,2,6,0,0,0
2015-02-18 06:03:00,20.79,26.5,0.0,1516.0,0.004020482,0,2,6,0,0,0
2015-02-18 06:04:00,20.79,26.5,0.0,1533.0,0.004020482,0,2,6,0,0,0
2015-02-18 06:04:00,20.79,26.5,0.0,1552.666667,0.004020482,0,2,6,0,0,0
2015-02-18 06:06:00,20.745,26.5,0.0,1561.5,0.004009284,0,2,6,0,0,0
2015-02-18 06:07:00,20.79,26.5,0.0,1569.5,0.004020482,0,2,6,0,0,0
2015-02-18 06:08:00,20.79,26.5,0.0,1563.5,0.004020482,0,2,6,0,0,0
2015-02-18 06:08:00,20.79,26.5,0.0,1555.5,0.004020482,0,2,6,0,0,0
2015-02-18 06:10:00,20.79,26.5,0.0,1561.0,0.004020482,0,2,6,0,0,0
2015-02-18 06:10:00,20.79,26.5,0.0,1566.0,0.004020482,0,2,6,0,0,0
2015-02-18 06:11:00,20.79,26.5,0.0,1564.0,0.004020482,0,2,6,0,0,0
2015-02-18 06:13:00,20.79,26.5,0.0,1563.0,0.004020482,0,2,6,0,0,0
2015-02-18 06:14:00,20.7,26.5,0.0,1543.0,0.003998115,0,2,6,0,0,0
2015-02-18 06:15:00,20.7,26.5,0.0,1538.0,0.003998115,0,2,6,0,0,0
2015-02-18 06:16:00,20.79,26.5,0.0,1533.5,0.004020482,0,2,6,0,0,0
2015-02-18 06:16:00,20.79,26.6,0.0,1535.0,0.004035752,0,2,6,0,0,0
2015-02-18 06:17:00,20.76,26.6,0.0,1543.5,0.004028255,0,2,6,0,0,0
2015-02-18 06:19:00,20.79,26.6,0.0,1556.5,0.004035752,0,2,6,0,0,0
2015-02-18 06:20:00,20.745,26.6,0.0,1554.0,0.004024512,0,2,6,0,0,0
2015-02-18 06:21:00,20.7,26.6,0.0,1559.5,0.0040132990000000006,0,2,6,0,0,0
2015-02-18 06:22:00,20.7,26.6,0.0,1549.0,0.0040132990000000006,0,2,6,0,0,0
2015-02-18 06:23:00,20.7,26.63333333,0.0,1538.0,0.004018361,0,2,6,0,0,0
2015-02-18 06:23:00,20.7,26.6,0.0,1533.0,0.0040132990000000006,0,2,6,0,0,0
2015-02-18 06:24:00,20.7,26.65,0.0,1536.0,0.004020892,0,2,6,0,0,0
2015-02-18 06:26:00,20.7,26.7,0.0,1529.333333,0.004028485,0,2,6,0,0,0
2015-02-18 06:27:00,20.76,26.7,0.0,1504.666667,0.0040434979999999995,0,2,6,0,0,0
2015-02-18 06:28:00,20.79,26.6,0.0,1498.5,0.004035752,0,2,6,0,0,0
2015-02-18 06:29:00,20.79,26.6,0.0,1489.0,0.004035752,0,2,6,0,0,0
2015-02-18 06:29:00,20.79,26.6,0.0,1484.0,0.004035752,0,2,6,0,0,0
2015-02-18 06:30:00,20.79,26.65,0.0,1481.0,0.004043387,0,2,6,0,0,0
2015-02-18 06:32:00,20.79,26.6,0.0,1484.5,0.004035752,0,2,6,0,0,0
2015-02-18 06:33:00,20.79,26.6,0.0,1486.0,0.004035752,0,2,6,0,0,0
2015-02-18 06:34:00,20.79,26.6,0.0,1480.333333,0.004035752,0,2,6,0,0,0
2015-02-18 06:35:00,20.79,26.6,0.0,1475.0,0.004035752,0,2,6,0,0,0
2015-02-18 06:36:00,20.79,26.63333333,0.0,1466.666667,0.004040842,0,2,6,0,0,0
2015-02-18 06:36:00,20.79,26.65,0.0,1475.5,0.004043387,0,2,6,0,0,0
2015-02-18 06:38:00,20.79,26.65,0.0,1477.0,0.004043387,0,2,6,0,0,0
2015-02-18 06:39:00,20.79,26.6,0.0,1477.0,0.004035752,0,2,6,0,0,0
2015-02-18 06:40:00,20.79,26.7,0.0,1473.0,0.004051023,0,2,6,0,0,0
2015-02-18 06:40:00,20.79,26.7,0.0,1473.0,0.004051023,0,2,6,0,0,0
2015-02-18 06:42:00,20.79,26.7,0.0,1473.0,0.004051023,0,2,6,0,0,0
2015-02-18 06:42:00,20.79,26.7,0.0,1480.0,0.004051023,0,2,6,0,0,0
2015-02-18 06:43:00,20.79,26.7,0.0,1480.0,0.004051023,0,2,6,0,0,0
2015-02-18 06:45:00,20.79,26.7,0.0,1473.5,0.004051023,0,2,6,0,0,0
2015-02-18 06:46:00,20.79,26.7,0.0,1479.5,0.004051023,0,2,6,0,0,0
2015-02-18 06:47:00,20.79,26.7,0.0,1483.0,0.004051023,0,2,6,0,0,0
2015-02-18 06:48:00,20.79,26.745,0.0,1499.0,0.004057895,0,2,6,0,0,0
2015-02-18 06:49:00,20.79,26.79,0.0,1501.0,0.004064767,0,2,6,0,0,0
2015-02-18 06:49:00,20.79,26.79,0.0,1502.666667,0.004064767,0,2,6,0,0,0
2015-02-18 06:51:00,20.79,26.79,0.0,1507.0,0.004064767,0,2,6,0,0,0
2015-02-18 06:52:00,20.745,26.84,0.0,1513.0,0.00406106,0,2,6,0,0,0
2015-02-18 06:53:00,20.79,26.89,0.0,1508.0,0.004080039000000001,0,2,6,0,0,0
2015-02-18 06:53:00,20.7,26.89,0.0,1501.0,0.004057339,0,2,6,0,0,0
2015-02-18 06:55:00,20.76,26.89,0.0,1497.666667,0.00407246,0,2,6,0,0,0
2015-02-18 06:55:00,20.745,26.89,0.0,1494.0,0.004068675,0,2,6,0,0,0
2015-02-18 06:56:00,20.79,26.89,0.0,1504.0,0.004080039000000001,0,2,6,0,0,0
2015-02-18 06:58:00,20.79,26.89,0.0,1505.5,0.004080039000000001,0,2,6,0,0,0
2015-02-18 06:59:00,20.79,26.89,0.0,1497.666667,0.004080039000000001,0,2,6,0,0,0
2015-02-18 07:00:00,20.79,26.89,0.0,1506.0,0.004080039000000001,0,2,7,0,0,0
2015-02-18 07:01:00,20.79,26.89,0.0,1505.0,0.004080039000000001,0,2,7,0,0,0
2015-02-18 07:01:00,20.79,26.89,0.0,1510.0,0.004080039000000001,0,2,7,0,0,0
2015-02-18 07:02:00,20.79,26.89,0.0,1516.333333,0.004080039000000001,0,2,7,0,0,0
2015-02-18 07:04:00,20.79,26.89,0.0,1515.0,0.004080039000000001,0,2,7,0,0,0
2015-02-18 07:05:00,20.79,26.89,0.0,1519.666667,0.004080039000000001,0,2,7,0,0,0
2015-02-18 07:06:00,20.745,26.89,0.0,1520.0,0.004068675,0,2,7,0,0,0
2015-02-18 07:07:00,20.745,26.89,0.0,1525.0,0.004068675,0,2,7,0,0,0
2015-02-18 07:08:00,20.7,26.89,0.0,1509.5,0.004057339,0,2,7,0,0,0
2015-02-18 07:08:00,20.745,26.89,0.0,1496.0,0.004068675,0,2,7,0,0,0
2015-02-18 07:09:00,20.73,27.0,0.0,1495.333333,0.004081631,0,2,7,0,0,0
2015-02-18 07:11:00,20.7675,27.0,0.0,1496.75,0.00409113,0,2,7,0,0,0
2015-02-18 07:12:00,20.7,27.0,0.0,1489.0,0.004074045,0,2,7,0,0,0
2015-02-18 07:13:00,20.79,27.0,0.0,1486.666667,0.0040968390000000006,0,2,7,0,0,0
2015-02-18 07:14:00,20.76,27.0,0.0,1494.333333,0.004089229000000001,0,2,7,0,0,0
2015-02-18 07:14:00,20.79,27.0,0.0,1496.0,0.0040968390000000006,0,2,7,0,0,0
2015-02-18 07:15:00,20.79,27.0,0.0,1491.0,0.0040968390000000006,0,2,7,0,0,0
2015-02-18 07:17:00,20.79,27.0,0.0,1520.0,0.0040968390000000006,0,2,7,0,0,0
2015-02-18 07:18:00,20.79,27.0,0.0,1519.0,0.0040968390000000006,0,2,7,0,0,0
2015-02-18 07:19:00,20.745,27.0,0.0,1512.0,0.0040854279999999995,0,2,7,0,0,0
2015-02-18 07:20:00,20.76,27.0,0.0,1498.0,0.004089229000000001,0,2,7,0,0,0
2015-02-18 07:21:00,20.79,27.0,0.0,1483.0,0.0040968390000000006,0,2,7,0,0,0
2015-02-18 07:21:00,20.79,27.05,0.0,1486.0,0.004104476,0,2,7,0,0,0
2015-02-18 07:23:00,20.745,27.1,0.0,1471.0,0.004100659,0,2,7,0,0,0
2015-02-18 07:24:00,20.745,27.1,0.0,1456.0,0.004100659,0,2,7,0,0,0
2015-02-18 07:25:00,20.745,27.05,0.0,1446.0,0.0040930440000000005,0,2,7,0,0,0
2015-02-18 07:25:00,20.79,27.1,0.0,1443.0,0.004112113,0,2,7,0,0,0
2015-02-18 07:27:00,20.7,27.1,0.0,1447.666667,0.004089233,0,2,7,0,0,0
2015-02-18 07:27:00,20.79,27.1,0.0,1451.0,0.004112113,0,2,7,0,0,0
2015-02-18 07:28:00,20.79,27.1,0.0,1452.0,0.004112113,0,2,7,0,0,0
2015-02-18 07:30:00,20.76,27.1,0.0,1446.75,0.004104474,0,2,7,0,0,0
2015-02-18 07:31:00,20.79,27.1,0.0,1455.5,0.004112113,0,2,7,0,0,0
2015-02-18 07:32:00,20.745,27.1,0.0,1456.0,0.004100659,0,2,7,0,0,0
2015-02-18 07:33:00,20.7,27.1,0.0,1464.666667,0.004089233,0,2,7,0,0,0
2015-02-18 07:34:00,20.79,27.1,0.0,1434.0,0.004112113,0,2,7,0,0,0
2015-02-18 07:34:00,20.79,27.1,0.0,1418.0,0.004112113,0,2,7,0,0,0
2015-02-18 07:36:00,20.745,27.1,0.0,1417.0,0.004100659,0,2,7,0,0,0
2015-02-18 07:37:00,20.7,27.1,0.0,1422.0,0.004089233,0,2,7,0,0,0
2015-02-18 07:38:00,20.745,27.1,0.0,1420.0,0.004100659,0,2,7,0,0,0
2015-02-18 07:38:00,20.76,27.13333333,0.0,1426.333333,0.0041095559999999995,0,2,7,0,0,0
2015-02-18 07:40:00,20.7,27.2,0.0,1427.0,0.004104422,0,2,7,0,0,0
2015-02-18 07:40:00,20.7,27.15,0.0,1430.0,0.004096828,0,2,7,0,0,0
2015-02-18 07:41:00,20.7,27.1,0.0,1414.5,0.004089233,0,2,7,0,0,0
2015-02-18 07:43:00,20.745,27.15,0.0,1414.0,0.004108275,0,2,7,0,0,0
2015-02-18 07:44:00,20.7,27.2,0.0,1413.5,0.004104422,0,2,7,0,0,0
2015-02-18 07:45:00,20.7,27.2,0.0,1411.0,0.004104422,0,2,7,0,0,0
2015-02-18 07:46:00,20.73,27.2,0.0,1412.333333,0.004112065,0,2,7,0,0,0
2015-02-18 07:46:00,20.745,27.2,0.0,1412.5,0.004115891,0,2,7,0,0,0
2015-02-18 07:47:00,20.745,27.2,0.0,1410.5,0.004115891,0,2,7,0,0,0
2015-02-18 07:49:00,20.7,27.2,0.0,1412.0,0.004104422,0,2,7,0,0,0
2015-02-18 07:50:00,20.7,27.15,0.0,1405.0,0.004096828,0,2,7,0,0,0
2015-02-18 07:51:00,20.7,27.2,0.0,1407.0,0.004104422,0,2,7,0,0,0
2015-02-18 07:52:00,20.7,27.2,0.0,1420.333333,0.004104422,0,2,7,0,0,0
2015-02-18 07:53:00,20.7,27.2,0.0,1437.0,0.004104422,0,2,7,0,0,0
2015-02-18 07:53:00,20.745,27.2,0.0,1439.666667,0.004115891,0,2,7,0,0,0
2015-02-18 07:54:00,20.79,27.2,0.0,1443.0,0.004127388,0,2,7,0,0,0
2015-02-18 07:56:00,20.7,27.2,0.0,1437.0,0.004104422,0,2,7,0,0,0
2015-02-18 07:57:00,20.7,27.2,0.0,1421.5,0.004104422,0,2,7,0,0,0
2015-02-18 07:58:00,20.7,27.2,0.0,1404.0,0.004104422,0,2,7,0,0,0
2015-02-18 07:59:00,20.7,27.2,0.0,1404.5,0.004104422,0,2,7,0,0,0
2015-02-18 07:59:00,20.7,27.16666667,0.0,1408.666667,0.004099359,0,2,7,0,0,0
2015-02-18 08:00:00,20.7,27.2,0.0,1400.0,0.004104422,0,2,8,0,0,0
2015-02-18 08:02:00,20.7,27.2,0.0,1401.0,0.004104422,0,2,8,0,0,0
2015-02-18 08:03:00,20.7,27.15,0.0,1404.0,0.004096828,0,2,8,0,0,0
2015-02-18 08:04:00,20.7,27.2,0.0,1406.5,0.004104422,0,2,8,0,0,0
2015-02-18 08:05:00,20.7,27.2,0.0,1406.0,0.004104422,0,2,8,0,0,0
2015-02-18 08:06:00,20.7,27.15,0.0,1413.5,0.004096828,0,2,8,0,0,0
2015-02-18 08:06:00,20.7,27.15,0.0,1428.0,0.004096828,0,2,8,0,0,0
2015-02-18 08:08:00,20.7,27.2,0.0,1443.0,0.004104422,0,2,8,0,0,0
2015-02-18 08:09:00,20.7,27.2,0.0,1451.5,0.004104422,0,2,8,0,0,0
2015-02-18 08:10:00,20.7,27.2,0.0,1434.5,0.004104422,0,2,8,0,0,0
2015-02-18 08:10:00,20.7,27.2,0.0,1429.5,0.004104422,0,2,8,0,0,0
2015-02-18 08:12:00,20.7,27.2,0.0,1423.0,0.004104422,0,2,8,0,0,0
2015-02-18 08:12:00,20.7,27.2,0.0,1432.333333,0.004104422,0,2,8,0,0,0
2015-02-18 08:13:00,20.7,27.2,9.333333332999999,1427.666667,0.004104422,0,2,8,0,0,0
2015-02-18 08:15:00,20.7,27.2,14.0,1430.0,0.004104422,0,2,8,0,0,0
2015-02-18 08:16:00,20.7,27.2,14.0,1430.0,0.004104422,0,2,8,0,0,0
2015-02-18 08:17:00,20.7,27.13333333,14.0,1433.0,0.004094296,0,2,8,0,0,0
2015-02-18 08:18:00,20.745,27.1,14.0,1432.25,0.004100659,0,2,8,0,0,0
2015-02-18 08:19:00,20.7,27.1,14.0,1434.0,0.004089233,0,2,8,0,0,0
2015-02-18 08:19:00,20.79,27.1,14.0,1426.75,0.004112113,0,2,8,0,0,0
2015-02-18 08:21:00,20.79,27.1,14.0,1415.5,0.004112113,0,2,8,0,0,0
2015-02-18 08:22:00,20.79,27.1,14.0,1405.0,0.004112113,0,2,8,0,0,0
2015-02-18 08:23:00,20.79,27.1,14.0,1404.0,0.004112113,0,2,8,0,0,0
2015-02-18 08:23:00,20.79,27.1,14.0,1421.0,0.004112113,0,2,8,0,0,0
2015-02-18 08:25:00,20.79,27.1,14.0,1437.75,0.004112113,0,2,8,0,0,0
2015-02-18 08:25:00,20.79,27.0,14.0,1482.0,0.0040968390000000006,0,2,8,0,0,0
2015-02-18 08:26:00,20.79,27.025,14.0,1477.25,0.004100658,0,2,8,0,0,0
2015-02-18 08:28:00,20.79,27.0,14.0,1477.666667,0.0040968390000000006,0,2,8,0,0,0
2015-02-18 08:29:00,20.79,27.0,14.0,1475.25,0.0040968390000000006,0,2,8,0,0,0
2015-02-18 08:30:00,20.79,27.0,14.0,1471.25,0.0040968390000000006,0,2,8,0,0,0
2015-02-18 08:31:00,20.82333333,27.03333333,14.0,1468.0,0.004110412,0,2,8,0,0,0
2015-02-18 08:31:00,20.84,27.025,14.0,1472.5,0.0041133820000000005,0,2,8,0,0,0
2015-02-18 08:32:00,20.815,26.9725,14.0,1461.25,0.004098984,0,2,8,0,0,0
2015-02-18 08:34:00,20.84,27.0,14.0,1438.0,0.004109552,0,2,8,0,0,0
2015-02-18 08:35:00,20.82333333,27.03333333,14.0,1444.0,0.004110412,0,2,8,0,0,0
2015-02-18 08:36:00,20.89,27.05,14.0,1433.25,0.004129983,0,2,8,0,0,0
2015-02-18 08:37:00,20.85666667,27.06666667,14.0,1430.0,0.004124020999999999,0,2,8,0,0,0
2015-02-18 08:38:00,20.84,27.0225,14.0,1427.5,0.004112999,0,2,8,0,0,0
2015-02-18 08:38:00,20.84,27.0,14.0,1416.25,0.004109552,0,2,8,0,0,0
2015-02-18 08:39:00,20.89,27.03333333,14.0,1422.0,0.004127421,0,2,8,0,0,0
2015-02-18 08:41:00,20.89,27.0,14.0,1427.0,0.004122298,0,2,8,0,0,0
2015-02-18 08:42:00,20.89,27.0,14.0,1402.0,0.004122298,0,2,8,0,0,0
2015-02-18 08:43:00,20.865,26.9725,14.0,1404.0,0.004111701,0,2,8,0,0,0
2015-02-18 08:44:00,20.89,26.945,14.0,1406.5,0.004113846,0,2,8,0,0,0
2015-02-18 08:44:00,20.89,27.0,14.0,1410.0,0.004122298,0,2,8,0,0,0
2015-02-18 08:45:00,20.82333333,26.92666667,14.0,1414.0,0.004094087,0,2,8,0,0,0
2015-02-18 08:47:00,20.79,26.89,14.0,1412.5,0.004080039000000001,0,2,8,0,0,0
2015-02-18 08:48:00,20.815,26.9175,14.0,1418.5,0.0040905709999999994,0,2,8,0,0,0
2015-02-18 08:49:00,20.84,26.945,10.5,1428.0,0.004101125,0,2,8,0,0,0
2015-02-18 08:50:00,20.79,26.89,7.0,1472.4,0.004080039000000001,0,2,8,0,0,0
2015-02-18 08:51:00,20.82333333,26.92666667,9.333333332999999,1482.333333,0.004094087,0,2,8,0,0,0
2015-02-18 08:51:00,20.89,27.0,4.666666667,1492.0,0.004122298,0,2,8,0,0,0
2015-02-18 08:53:00,20.865,26.945,7.0,1469.0,0.004107481,0,2,8,0,0,0
2015-02-18 08:54:00,20.84,26.895,7.0,1463.5,0.004093465,0,2,8,0,0,0
2015-02-18 08:55:00,20.815,26.815,7.0,1471.75,0.004074892,0,2,8,0,0,0
2015-02-18 08:55:00,20.865,26.865,7.0,1500.25,0.004095206,0,2,8,0,0,0
2015-02-18 08:57:00,20.82333333,26.89333333,9.333333332999999,1514.0,0.004088985,0,2,8,0,0,0
2015-02-18 08:57:00,20.815,26.8925,13.5,1499.25,0.004086747,0,2,8,0,0,0
2015-02-18 08:58:00,20.85666667,26.89,20.66666667,1485.666667,0.004096926,0,2,8,0,0,0
2015-02-18 09:00:00,20.865,26.865,17.0,1476.25,0.004095206,0,2,9,0,0,0
2015-02-18 09:01:00,20.865,26.865,12.0,1462.5,0.004095206,0,2,9,0,0,0
2015-02-18 09:02:00,20.84,26.84,7.0,1452.5,0.004085039,0,2,9,0,0,0
2015-02-18 09:03:00,20.815,26.815,7.0,1448.0,0.004074892,0,2,9,0,0,0
2015-02-18 09:04:00,20.82333333,26.82333333,13.33333333,1448.666667,0.004078272,0,2,9,0,0,0
2015-02-18 09:04:00,20.815,26.815,11.5,1443.25,0.004074892,0,2,9,0,0,0
2015-02-18 09:06:00,20.79,26.79,10.0,1450.5,0.004064767,0,2,9,0,0,0
2015-02-18 09:07:00,20.84,26.84,12.0,1446.5,0.004085039,0,2,9,0,0,0
2015-02-18 09:08:00,20.79,26.79,14.0,1444.666667,0.004064767,0,2,9,0,0,0
2015-02-18 09:08:00,20.79,26.7675,10.0,1455.0,0.004061331,0,2,9,0,0,0
2015-02-18 09:10:00,20.79,26.745,50.75,1463.75,0.004057895,0,2,9,0,0,0
2015-02-18 09:10:00,20.79,27.1225,296.0,1467.0,0.00411555,1,2,9,1,1,0
2015-02-18 09:11:00,20.79,27.03,419.0,1488.0,0.004101421,1,2,9,1,1,1
2015-02-18 09:13:00,20.79,27.29666667,429.0,1486.0,0.004142154,1,2,9,1,1,1
2015-02-18 09:14:00,20.815,27.4175,430.75,1511.75,0.004167064,1,2,9,1,1,1
2015-02-18 09:15:00,20.815,27.7175,429.75,1505.25,0.004212968,1,2,9,1,1,1
2015-02-18 09:16:00,20.865,27.745,423.5,1514.5,0.004230262,1,2,9,1,1,1
2015-02-18 09:16:00,20.89,27.745,423.5,1521.5,0.004236818,1,2,9,1,1,1
2015-02-18 09:17:00,20.89,28.0225,418.75,1632.0,0.004279485,1,2,9,1,1,1
2015-02-18 09:19:00,21.0,28.1,409.0,1864.0,0.004320732,1,2,9,1,1,1
